"","armortype","ENPC","SD","Run","flexible","Delay","Scenario","group","bin","M","EE","uncert","designcost","armor2per","armor3per","LSCOOption","CRLCOOption","MESCDOption","TotalProb","Armor","LSCOOptionText","CRLCOOptionText","MESCDOptionText","TENPC","select","tag"
"1",1,4,0,1,0,0,"Uncertainty",1,1,100,0.25,1,1,0.25,0.5,0,0,1,1,"Standard","LSCO =  0","CRLCO =  0","MESCD =  1",4000,"min","LSCO =  0   CRLCO =  0   MESCD =  1"
"2",1,4,0,63,1,0,"Flexibility",1,1,100,0.25,1,1,0.25,0.5,0,0,1,1,"Standard","LSCO =  0","CRLCO =  0","MESCD =  1",4000,"min","LSCO =  0   CRLCO =  0   MESCD =  1"
"3",1,4,0,125,1,3,"3 Month Delay",1,1,100,0.25,1,1,0.25,0.5,0,0,1,1,"Standard","LSCO =  0","CRLCO =  0","MESCD =  1",4000,"min","LSCO =  0   CRLCO =  0   MESCD =  1"
"4",1,4,0,187,1,6,"6 Month Delay",1,1,100,0.25,1,1,0.25,0.5,0,0,1,1,"Standard","LSCO =  0","CRLCO =  0","MESCD =  1",4000,"min","LSCO =  0   CRLCO =  0   MESCD =  1"
"5",1,4,0,249,1,9,"9 Month Delay",1,1,100,0.25,1,1,0.25,0.5,0,0,1,1,"Standard","LSCO =  0","CRLCO =  0","MESCD =  1",4000,"min","LSCO =  0   CRLCO =  0   MESCD =  1"
"6",1,4,0,311,1,12,"12 Month Delay",1,1,100,0.25,1,1,0.25,0.5,0,0,1,1,"Standard","LSCO =  0","CRLCO =  0","MESCD =  1",4000,"min","LSCO =  0   CRLCO =  0   MESCD =  1"
"7",1,4,0,2,0,0,"Uncertainty",5,2,100,0.25,1,1,0.25,0.5,0,0.1,0.9,1,"Standard","LSCO =  0","CRLCO =  0.1","MESCD =  0.9",4000,"min","LSCO =  0   CRLCO =  0.1   MESCD =  0.9"
"8",1,4,0,64,1,0,"Flexibility",5,2,100,0.25,1,1,0.25,0.5,0,0.1,0.9,1,"Standard","LSCO =  0","CRLCO =  0.1","MESCD =  0.9",4000,"min","LSCO =  0   CRLCO =  0.1   MESCD =  0.9"
"9",1,4,0,126,1,3,"3 Month Delay",5,2,100,0.25,1,1,0.25,0.5,0,0.1,0.9,1,"Standard","LSCO =  0","CRLCO =  0.1","MESCD =  0.9",4000,"min","LSCO =  0   CRLCO =  0.1   MESCD =  0.9"
"10",1,4,0,188,1,6,"6 Month Delay",5,2,100,0.25,1,1,0.25,0.5,0,0.1,0.9,1,"Standard","LSCO =  0","CRLCO =  0.1","MESCD =  0.9",4000,"min","LSCO =  0   CRLCO =  0.1   MESCD =  0.9"
"11",1,4,0,250,1,9,"9 Month Delay",5,2,100,0.25,1,1,0.25,0.5,0,0.1,0.9,1,"Standard","LSCO =  0","CRLCO =  0.1","MESCD =  0.9",4000,"min","LSCO =  0   CRLCO =  0.1   MESCD =  0.9"
"12",1,4,0,312,1,12,"12 Month Delay",5,2,100,0.25,1,1,0.25,0.5,0,0.1,0.9,1,"Standard","LSCO =  0","CRLCO =  0.1","MESCD =  0.9",4000,"min","LSCO =  0   CRLCO =  0.1   MESCD =  0.9"
"13",1,4,0,3,0,0,"Uncertainty",9,3,100,0.25,1,1,0.25,0.5,0,0.2,0.8,1,"Standard","LSCO =  0","CRLCO =  0.2","MESCD =  0.8",4000,"min","LSCO =  0   CRLCO =  0.2   MESCD =  0.8"
"14",1,4,0,65,1,0,"Flexibility",9,3,100,0.25,1,1,0.25,0.5,0,0.2,0.8,1,"Standard","LSCO =  0","CRLCO =  0.2","MESCD =  0.8",4000,"min","LSCO =  0   CRLCO =  0.2   MESCD =  0.8"
"15",1,4,0,127,1,3,"3 Month Delay",9,3,100,0.25,1,1,0.25,0.5,0,0.2,0.8,1,"Standard","LSCO =  0","CRLCO =  0.2","MESCD =  0.8",4000,"min","LSCO =  0   CRLCO =  0.2   MESCD =  0.8"
"16",1,4,0,189,1,6,"6 Month Delay",9,3,100,0.25,1,1,0.25,0.5,0,0.2,0.8,1,"Standard","LSCO =  0","CRLCO =  0.2","MESCD =  0.8",4000,"min","LSCO =  0   CRLCO =  0.2   MESCD =  0.8"
"17",1,4,0,251,1,9,"9 Month Delay",9,3,100,0.25,1,1,0.25,0.5,0,0.2,0.8,1,"Standard","LSCO =  0","CRLCO =  0.2","MESCD =  0.8",4000,"min","LSCO =  0   CRLCO =  0.2   MESCD =  0.8"
"18",1,4,0,313,1,12,"12 Month Delay",9,3,100,0.25,1,1,0.25,0.5,0,0.2,0.8,1,"Standard","LSCO =  0","CRLCO =  0.2","MESCD =  0.8",4000,"min","LSCO =  0   CRLCO =  0.2   MESCD =  0.8"
"19",1,4.18108215056532,1.21866685021222,4,0,0,"Uncertainty",13,4,100,0.25,1,1,0.25,0.5,0,0.3,0.7,1,"Standard","LSCO =  0","CRLCO =  0.3","MESCD =  0.7",4181.08215056532,"min","LSCO =  0   CRLCO =  0.3   MESCD =  0.7"
"20",1,4.18108215056532,1.21866685021222,66,1,0,"Flexibility",13,4,100,0.25,1,1,0.25,0.5,0,0.3,0.7,1,"Standard","LSCO =  0","CRLCO =  0.3","MESCD =  0.7",4181.08215056532,"min","LSCO =  0   CRLCO =  0.3   MESCD =  0.7"
"21",1,4.18108215056532,1.21866685021222,128,1,3,"3 Month Delay",13,4,100,0.25,1,1,0.25,0.5,0,0.3,0.7,1,"Standard","LSCO =  0","CRLCO =  0.3","MESCD =  0.7",4181.08215056532,"min","LSCO =  0   CRLCO =  0.3   MESCD =  0.7"
"22",1,4.18108215056532,1.21866685021222,190,1,6,"6 Month Delay",13,4,100,0.25,1,1,0.25,0.5,0,0.3,0.7,1,"Standard","LSCO =  0","CRLCO =  0.3","MESCD =  0.7",4181.08215056532,"min","LSCO =  0   CRLCO =  0.3   MESCD =  0.7"
"23",1,4.18108215056532,1.21866685021222,252,1,9,"9 Month Delay",13,4,100,0.25,1,1,0.25,0.5,0,0.3,0.7,1,"Standard","LSCO =  0","CRLCO =  0.3","MESCD =  0.7",4181.08215056532,"min","LSCO =  0   CRLCO =  0.3   MESCD =  0.7"
"24",1,4.18108215056532,1.21866685021222,314,1,12,"12 Month Delay",13,4,100,0.25,1,1,0.25,0.5,0,0.3,0.7,1,"Standard","LSCO =  0","CRLCO =  0.3","MESCD =  0.7",4181.08215056532,"min","LSCO =  0   CRLCO =  0.3   MESCD =  0.7"
"25",1,4.3271857855608,1.39714756020135,5,0,0,"Uncertainty",17,5,100,0.25,1,1,0.25,0.5,0,0.4,0.6,1,"Standard","LSCO =  0","CRLCO =  0.4","MESCD =  0.6",4327.1857855608,"min","LSCO =  0   CRLCO =  0.4   MESCD =  0.6"
"26",2,4.27403945593747,1.05384557342674,67,1,0,"Flexibility",18,5,100,0.25,1,1,0.25,0.5,0,0.4,0.6,1,"Simple","LSCO =  0","CRLCO =  0.4","MESCD =  0.6",4274.03945593747,"min","LSCO =  0   CRLCO =  0.4   MESCD =  0.6"
"27",2,4.27389181414339,1.05378946474558,129,1,3,"3 Month Delay",18,5,100,0.25,1,1,0.25,0.5,0,0.4,0.6,1,"Simple","LSCO =  0","CRLCO =  0.4","MESCD =  0.6",4273.89181414339,"min","LSCO =  0   CRLCO =  0.4   MESCD =  0.6"
"28",2,4.27374494476369,1.05373367914378,191,1,6,"6 Month Delay",18,5,100,0.25,1,1,0.25,0.5,0,0.4,0.6,1,"Simple","LSCO =  0","CRLCO =  0.4","MESCD =  0.6",4273.74494476369,"min","LSCO =  0   CRLCO =  0.4   MESCD =  0.6"
"29",2,4.27359884375737,1.05367821462749,253,1,9,"9 Month Delay",18,5,100,0.25,1,1,0.25,0.5,0,0.4,0.6,1,"Simple","LSCO =  0","CRLCO =  0.4","MESCD =  0.6",4273.59884375737,"min","LSCO =  0   CRLCO =  0.4   MESCD =  0.6"
"30",2,4.27345350710454,1.05362306921639,315,1,12,"12 Month Delay",18,5,100,0.25,1,1,0.25,0.5,0,0.4,0.6,1,"Simple","LSCO =  0","CRLCO =  0.4","MESCD =  0.6",4273.45350710454,"min","LSCO =  0   CRLCO =  0.4   MESCD =  0.6"
"31",1,4.43109691319683,1.57356408822674,6,0,0,"Uncertainty",21,6,100,0.25,1,1,0.25,0.5,0,0.5,0.5,1,"Standard","LSCO =  0","CRLCO =  0.5","MESCD =  0.5",4431.09691319683,"min","LSCO =  0   CRLCO =  0.5   MESCD =  0.5"
"32",1,4.43109691319683,1.57356408822674,68,1,0,"Flexibility",21,6,100,0.25,1,1,0.25,0.5,0,0.5,0.5,1,"Standard","LSCO =  0","CRLCO =  0.5","MESCD =  0.5",4431.09691319683,"min","LSCO =  0   CRLCO =  0.5   MESCD =  0.5"
"33",1,4.43109691319683,1.57356408822674,130,1,3,"3 Month Delay",21,6,100,0.25,1,1,0.25,0.5,0,0.5,0.5,1,"Standard","LSCO =  0","CRLCO =  0.5","MESCD =  0.5",4431.09691319683,"min","LSCO =  0   CRLCO =  0.5   MESCD =  0.5"
"34",1,4.43109691319683,1.57356408822674,192,1,6,"6 Month Delay",21,6,100,0.25,1,1,0.25,0.5,0,0.5,0.5,1,"Standard","LSCO =  0","CRLCO =  0.5","MESCD =  0.5",4431.09691319683,"min","LSCO =  0   CRLCO =  0.5   MESCD =  0.5"
"35",1,4.43109691319683,1.57356408822674,254,1,9,"9 Month Delay",21,6,100,0.25,1,1,0.25,0.5,0,0.5,0.5,1,"Standard","LSCO =  0","CRLCO =  0.5","MESCD =  0.5",4431.09691319683,"min","LSCO =  0   CRLCO =  0.5   MESCD =  0.5"
"36",1,4.43109691319683,1.57356408822674,316,1,12,"12 Month Delay",21,6,100,0.25,1,1,0.25,0.5,0,0.5,0.5,1,"Standard","LSCO =  0","CRLCO =  0.5","MESCD =  0.5",4431.09691319683,"min","LSCO =  0   CRLCO =  0.5   MESCD =  0.5"
"37",1,4.68010535365244,2.02937158127777,7,0,0,"Uncertainty",25,7,100,0.25,1,1,0.25,0.5,0,0.6,0.4,1,"Standard","LSCO =  0","CRLCO =  0.6","MESCD =  0.4",4680.10535365244,"min","LSCO =  0   CRLCO =  0.6   MESCD =  0.4"
"38",1,4.68010535365244,2.02937158127777,69,1,0,"Flexibility",25,7,100,0.25,1,1,0.25,0.5,0,0.6,0.4,1,"Standard","LSCO =  0","CRLCO =  0.6","MESCD =  0.4",4680.10535365244,"min","LSCO =  0   CRLCO =  0.6   MESCD =  0.4"
"39",1,4.68010535365244,2.02937158127777,131,1,3,"3 Month Delay",25,7,100,0.25,1,1,0.25,0.5,0,0.6,0.4,1,"Standard","LSCO =  0","CRLCO =  0.6","MESCD =  0.4",4680.10535365244,"min","LSCO =  0   CRLCO =  0.6   MESCD =  0.4"
"40",1,4.68010535365244,2.02937158127777,193,1,6,"6 Month Delay",25,7,100,0.25,1,1,0.25,0.5,0,0.6,0.4,1,"Standard","LSCO =  0","CRLCO =  0.6","MESCD =  0.4",4680.10535365244,"min","LSCO =  0   CRLCO =  0.6   MESCD =  0.4"
"41",1,4.68010535365244,2.02937158127777,255,1,9,"9 Month Delay",25,7,100,0.25,1,1,0.25,0.5,0,0.6,0.4,1,"Standard","LSCO =  0","CRLCO =  0.6","MESCD =  0.4",4680.10535365244,"min","LSCO =  0   CRLCO =  0.6   MESCD =  0.4"
"42",1,4.68010535365244,2.02937158127777,317,1,12,"12 Month Delay",25,7,100,0.25,1,1,0.25,0.5,0,0.6,0.4,1,"Standard","LSCO =  0","CRLCO =  0.6","MESCD =  0.4",4680.10535365244,"min","LSCO =  0   CRLCO =  0.6   MESCD =  0.4"
"43",1,4.79625263648004,2.09746564209753,8,0,0,"Uncertainty",29,8,100,0.25,1,1,0.25,0.5,0,0.7,0.3,1,"Standard","LSCO =  0","CRLCO =  0.7","MESCD =  0.3",4796.25263648004,"min","LSCO =  0   CRLCO =  0.7   MESCD =  0.3"
"44",2,4.7649764860477,2.24422577378435,70,1,0,"Flexibility",30,8,100,0.25,1,1,0.25,0.5,0,0.7,0.3,1,"Simple","LSCO =  0","CRLCO =  0.7","MESCD =  0.3",4764.9764860477,"min","LSCO =  0   CRLCO =  0.7   MESCD =  0.3"
"45",2,4.76472598937442,2.24418157414515,132,1,3,"3 Month Delay",30,8,100,0.25,1,1,0.25,0.5,0,0.7,0.3,1,"Simple","LSCO =  0","CRLCO =  0.7","MESCD =  0.3",4764.72598937442,"min","LSCO =  0   CRLCO =  0.7   MESCD =  0.3"
"46",2,4.76447680321919,2.24413761936296,194,1,6,"6 Month Delay",30,8,100,0.25,1,1,0.25,0.5,0,0.7,0.3,1,"Simple","LSCO =  0","CRLCO =  0.7","MESCD =  0.3",4764.47680321919,"min","LSCO =  0   CRLCO =  0.7   MESCD =  0.3"
"47",2,4.7642289207258,2.24409390801544,256,1,9,"9 Month Delay",30,8,100,0.25,1,1,0.25,0.5,0,0.7,0.3,1,"Simple","LSCO =  0","CRLCO =  0.7","MESCD =  0.3",4764.2289207258,"min","LSCO =  0   CRLCO =  0.7   MESCD =  0.3"
"48",2,4.7639823350739,2.24405043868913,318,1,12,"12 Month Delay",30,8,100,0.25,1,1,0.25,0.5,0,0.7,0.3,1,"Simple","LSCO =  0","CRLCO =  0.7","MESCD =  0.3",4763.9823350739,"min","LSCO =  0   CRLCO =  0.7   MESCD =  0.3"
"49",1,4.87014651211352,2.13338316603004,9,0,0,"Uncertainty",33,9,100,0.25,1,1,0.25,0.5,0,0.8,0.2,1,"Standard","LSCO =  0","CRLCO =  0.8","MESCD =  0.2",4870.14651211352,"min","LSCO =  0   CRLCO =  0.8   MESCD =  0.2"
"50",1,4.87014651211352,2.13338316603004,71,1,0,"Flexibility",33,9,100,0.25,1,1,0.25,0.5,0,0.8,0.2,1,"Standard","LSCO =  0","CRLCO =  0.8","MESCD =  0.2",4870.14651211352,"min","LSCO =  0   CRLCO =  0.8   MESCD =  0.2"
"51",1,4.87014651211352,2.13338316603004,133,1,3,"3 Month Delay",33,9,100,0.25,1,1,0.25,0.5,0,0.8,0.2,1,"Standard","LSCO =  0","CRLCO =  0.8","MESCD =  0.2",4870.14651211352,"min","LSCO =  0   CRLCO =  0.8   MESCD =  0.2"
"52",1,4.87014651211352,2.13338316603004,195,1,6,"6 Month Delay",33,9,100,0.25,1,1,0.25,0.5,0,0.8,0.2,1,"Standard","LSCO =  0","CRLCO =  0.8","MESCD =  0.2",4870.14651211352,"min","LSCO =  0   CRLCO =  0.8   MESCD =  0.2"
"53",1,4.87014651211352,2.13338316603004,257,1,9,"9 Month Delay",33,9,100,0.25,1,1,0.25,0.5,0,0.8,0.2,1,"Standard","LSCO =  0","CRLCO =  0.8","MESCD =  0.2",4870.14651211352,"min","LSCO =  0   CRLCO =  0.8   MESCD =  0.2"
"54",1,4.87014651211352,2.13338316603004,319,1,12,"12 Month Delay",33,9,100,0.25,1,1,0.25,0.5,0,0.8,0.2,1,"Standard","LSCO =  0","CRLCO =  0.8","MESCD =  0.2",4870.14651211352,"min","LSCO =  0   CRLCO =  0.8   MESCD =  0.2"
"55",1,4.98629485769601,2.18809503069253,10,0,0,"Uncertainty",37,10,100,0.25,1,1,0.25,0.5,0,0.9,0.1,1,"Standard","LSCO =  0","CRLCO =  0.9","MESCD =  0.1",4986.29485769601,"min","LSCO =  0   CRLCO =  0.9   MESCD =  0.1"
"56",1,4.98629485769601,2.18809503069253,72,1,0,"Flexibility",37,10,100,0.25,1,1,0.25,0.5,0,0.9,0.1,1,"Standard","LSCO =  0","CRLCO =  0.9","MESCD =  0.1",4986.29485769601,"min","LSCO =  0   CRLCO =  0.9   MESCD =  0.1"
"57",1,4.98629485769601,2.18809503069253,134,1,3,"3 Month Delay",37,10,100,0.25,1,1,0.25,0.5,0,0.9,0.1,1,"Standard","LSCO =  0","CRLCO =  0.9","MESCD =  0.1",4986.29485769601,"min","LSCO =  0   CRLCO =  0.9   MESCD =  0.1"
"58",1,4.98629485769601,2.18809503069253,196,1,6,"6 Month Delay",37,10,100,0.25,1,1,0.25,0.5,0,0.9,0.1,1,"Standard","LSCO =  0","CRLCO =  0.9","MESCD =  0.1",4986.29485769601,"min","LSCO =  0   CRLCO =  0.9   MESCD =  0.1"
"59",1,4.98629485769601,2.18809503069253,258,1,9,"9 Month Delay",37,10,100,0.25,1,1,0.25,0.5,0,0.9,0.1,1,"Standard","LSCO =  0","CRLCO =  0.9","MESCD =  0.1",4986.29485769601,"min","LSCO =  0   CRLCO =  0.9   MESCD =  0.1"
"60",1,4.98629485769601,2.18809503069253,320,1,12,"12 Month Delay",37,10,100,0.25,1,1,0.25,0.5,0,0.9,0.1,1,"Standard","LSCO =  0","CRLCO =  0.9","MESCD =  0.1",4986.29485769601,"min","LSCO =  0   CRLCO =  0.9   MESCD =  0.1"
"61",1,4.98629485769601,2.18809503069253,11,0,0,"Uncertainty",41,11,100,0.25,1,1,0.25,0.5,0,1,0,1,"Standard","LSCO =  0","CRLCO =  1","MESCD =  0",4986.29485769601,"min","LSCO =  0   CRLCO =  1   MESCD =  0"
"62",1,4.98629485769601,2.18809503069253,73,1,0,"Flexibility",41,11,100,0.25,1,1,0.25,0.5,0,1,0,1,"Standard","LSCO =  0","CRLCO =  1","MESCD =  0",4986.29485769601,"min","LSCO =  0   CRLCO =  1   MESCD =  0"
"63",1,4.98629485769601,2.18809503069253,135,1,3,"3 Month Delay",41,11,100,0.25,1,1,0.25,0.5,0,1,0,1,"Standard","LSCO =  0","CRLCO =  1","MESCD =  0",4986.29485769601,"min","LSCO =  0   CRLCO =  1   MESCD =  0"
"64",1,4.98629485769601,2.18809503069253,197,1,6,"6 Month Delay",41,11,100,0.25,1,1,0.25,0.5,0,1,0,1,"Standard","LSCO =  0","CRLCO =  1","MESCD =  0",4986.29485769601,"min","LSCO =  0   CRLCO =  1   MESCD =  0"
"65",1,4.98629485769601,2.18809503069253,259,1,9,"9 Month Delay",41,11,100,0.25,1,1,0.25,0.5,0,1,0,1,"Standard","LSCO =  0","CRLCO =  1","MESCD =  0",4986.29485769601,"min","LSCO =  0   CRLCO =  1   MESCD =  0"
"66",1,4.98629485769601,2.18809503069253,321,1,12,"12 Month Delay",41,11,100,0.25,1,1,0.25,0.5,0,1,0,1,"Standard","LSCO =  0","CRLCO =  1","MESCD =  0",4986.29485769601,"min","LSCO =  0   CRLCO =  1   MESCD =  0"
"67",1,4.03271407268582,0.327140726858181,12,0,0,"Uncertainty",45,12,100,0.25,1,1,0.25,0.5,0.1,0,0.9,1,"Standard","LSCO =  0.1","CRLCO =  0","MESCD =  0.9",4032.71407268582,"min","LSCO =  0.1   CRLCO =  0   MESCD =  0.9"
"68",1,4.03271407268582,0.327140726858181,74,1,0,"Flexibility",45,12,100,0.25,1,1,0.25,0.5,0.1,0,0.9,1,"Standard","LSCO =  0.1","CRLCO =  0","MESCD =  0.9",4032.71407268582,"min","LSCO =  0.1   CRLCO =  0   MESCD =  0.9"
"69",1,4.03271407268582,0.327140726858181,136,1,3,"3 Month Delay",45,12,100,0.25,1,1,0.25,0.5,0.1,0,0.9,1,"Standard","LSCO =  0.1","CRLCO =  0","MESCD =  0.9",4032.71407268582,"min","LSCO =  0.1   CRLCO =  0   MESCD =  0.9"
"70",1,4.03271407268582,0.327140726858181,198,1,6,"6 Month Delay",45,12,100,0.25,1,1,0.25,0.5,0.1,0,0.9,1,"Standard","LSCO =  0.1","CRLCO =  0","MESCD =  0.9",4032.71407268582,"min","LSCO =  0.1   CRLCO =  0   MESCD =  0.9"
"71",1,4.03271407268582,0.327140726858181,260,1,9,"9 Month Delay",45,12,100,0.25,1,1,0.25,0.5,0.1,0,0.9,1,"Standard","LSCO =  0.1","CRLCO =  0","MESCD =  0.9",4032.71407268582,"min","LSCO =  0.1   CRLCO =  0   MESCD =  0.9"
"72",1,4.03271407268582,0.327140726858181,322,1,12,"12 Month Delay",45,12,100,0.25,1,1,0.25,0.5,0.1,0,0.9,1,"Standard","LSCO =  0.1","CRLCO =  0","MESCD =  0.9",4032.71407268582,"min","LSCO =  0.1   CRLCO =  0   MESCD =  0.9"
"73",1,4.03271407268582,0.327140726858181,13,0,0,"Uncertainty",49,13,100,0.25,1,1,0.25,0.5,0.1,0.1,0.8,1,"Standard","LSCO =  0.1","CRLCO =  0.1","MESCD =  0.8",4032.71407268582,"min","LSCO =  0.1   CRLCO =  0.1   MESCD =  0.8"
"74",1,4.03271407268582,0.327140726858181,75,1,0,"Flexibility",49,13,100,0.25,1,1,0.25,0.5,0.1,0.1,0.8,1,"Standard","LSCO =  0.1","CRLCO =  0.1","MESCD =  0.8",4032.71407268582,"min","LSCO =  0.1   CRLCO =  0.1   MESCD =  0.8"
"75",1,4.03271407268582,0.327140726858181,137,1,3,"3 Month Delay",49,13,100,0.25,1,1,0.25,0.5,0.1,0.1,0.8,1,"Standard","LSCO =  0.1","CRLCO =  0.1","MESCD =  0.8",4032.71407268582,"min","LSCO =  0.1   CRLCO =  0.1   MESCD =  0.8"
"76",1,4.03271407268582,0.327140726858181,199,1,6,"6 Month Delay",49,13,100,0.25,1,1,0.25,0.5,0.1,0.1,0.8,1,"Standard","LSCO =  0.1","CRLCO =  0.1","MESCD =  0.8",4032.71407268582,"min","LSCO =  0.1   CRLCO =  0.1   MESCD =  0.8"
"77",1,4.03271407268582,0.327140726858181,261,1,9,"9 Month Delay",49,13,100,0.25,1,1,0.25,0.5,0.1,0.1,0.8,1,"Standard","LSCO =  0.1","CRLCO =  0.1","MESCD =  0.8",4032.71407268582,"min","LSCO =  0.1   CRLCO =  0.1   MESCD =  0.8"
"78",1,4.03271407268582,0.327140726858181,323,1,12,"12 Month Delay",49,13,100,0.25,1,1,0.25,0.5,0.1,0.1,0.8,1,"Standard","LSCO =  0.1","CRLCO =  0.1","MESCD =  0.8",4032.71407268582,"min","LSCO =  0.1   CRLCO =  0.1   MESCD =  0.8"
"79",1,4.21379622325114,1.2570610177143,14,0,0,"Uncertainty",53,14,100,0.25,1,1,0.25,0.5,0.1,0.2,0.7,1,"Standard","LSCO =  0.1","CRLCO =  0.2","MESCD =  0.7",4213.79622325114,"min","LSCO =  0.1   CRLCO =  0.2   MESCD =  0.7"
"80",1,4.21379622325114,1.2570610177143,76,1,0,"Flexibility",53,14,100,0.25,1,1,0.25,0.5,0.1,0.2,0.7,1,"Standard","LSCO =  0.1","CRLCO =  0.2","MESCD =  0.7",4213.79622325114,"min","LSCO =  0.1   CRLCO =  0.2   MESCD =  0.7"
"81",1,4.21379622325114,1.2570610177143,138,1,3,"3 Month Delay",53,14,100,0.25,1,1,0.25,0.5,0.1,0.2,0.7,1,"Standard","LSCO =  0.1","CRLCO =  0.2","MESCD =  0.7",4213.79622325114,"min","LSCO =  0.1   CRLCO =  0.2   MESCD =  0.7"
"82",1,4.21379622325114,1.2570610177143,200,1,6,"6 Month Delay",53,14,100,0.25,1,1,0.25,0.5,0.1,0.2,0.7,1,"Standard","LSCO =  0.1","CRLCO =  0.2","MESCD =  0.7",4213.79622325114,"min","LSCO =  0.1   CRLCO =  0.2   MESCD =  0.7"
"83",1,4.21379622325114,1.2570610177143,262,1,9,"9 Month Delay",53,14,100,0.25,1,1,0.25,0.5,0.1,0.2,0.7,1,"Standard","LSCO =  0.1","CRLCO =  0.2","MESCD =  0.7",4213.79622325114,"min","LSCO =  0.1   CRLCO =  0.2   MESCD =  0.7"
"84",1,4.21379622325114,1.2570610177143,324,1,12,"12 Month Delay",53,14,100,0.25,1,1,0.25,0.5,0.1,0.2,0.7,1,"Standard","LSCO =  0.1","CRLCO =  0.2","MESCD =  0.7",4213.79622325114,"min","LSCO =  0.1   CRLCO =  0.2   MESCD =  0.7"
"85",1,4.35989985824662,1.42738185748383,15,0,0,"Uncertainty",57,15,100,0.25,1,1,0.25,0.5,0.1,0.3,0.6,1,"Standard","LSCO =  0.1","CRLCO =  0.3","MESCD =  0.6",4359.89985824662,"min","LSCO =  0.1   CRLCO =  0.3   MESCD =  0.6"
"86",1,4.35989985824662,1.42738185748383,77,1,0,"Flexibility",57,15,100,0.25,1,1,0.25,0.5,0.1,0.3,0.6,1,"Standard","LSCO =  0.1","CRLCO =  0.3","MESCD =  0.6",4359.89985824662,"min","LSCO =  0.1   CRLCO =  0.3   MESCD =  0.6"
"87",1,4.35989985824662,1.42738185748383,139,1,3,"3 Month Delay",57,15,100,0.25,1,1,0.25,0.5,0.1,0.3,0.6,1,"Standard","LSCO =  0.1","CRLCO =  0.3","MESCD =  0.6",4359.89985824662,"min","LSCO =  0.1   CRLCO =  0.3   MESCD =  0.6"
"88",1,4.35989985824662,1.42738185748383,201,1,6,"6 Month Delay",57,15,100,0.25,1,1,0.25,0.5,0.1,0.3,0.6,1,"Standard","LSCO =  0.1","CRLCO =  0.3","MESCD =  0.6",4359.89985824662,"min","LSCO =  0.1   CRLCO =  0.3   MESCD =  0.6"
"89",1,4.35989985824662,1.42738185748383,263,1,9,"9 Month Delay",57,15,100,0.25,1,1,0.25,0.5,0.1,0.3,0.6,1,"Standard","LSCO =  0.1","CRLCO =  0.3","MESCD =  0.6",4359.89985824662,"min","LSCO =  0.1   CRLCO =  0.3   MESCD =  0.6"
"90",1,4.35989985824662,1.42738185748383,325,1,12,"12 Month Delay",57,15,100,0.25,1,1,0.25,0.5,0.1,0.3,0.6,1,"Standard","LSCO =  0.1","CRLCO =  0.3","MESCD =  0.6",4359.89985824662,"min","LSCO =  0.1   CRLCO =  0.3   MESCD =  0.6"
"91",1,4.46381098588265,1.5983223128103,16,0,0,"Uncertainty",61,16,100,0.25,1,1,0.25,0.5,0.1,0.4,0.5,1,"Standard","LSCO =  0.1","CRLCO =  0.4","MESCD =  0.5",4463.81098588265,"min","LSCO =  0.1   CRLCO =  0.4   MESCD =  0.5"
"92",1,4.46381098588265,1.5983223128103,78,1,0,"Flexibility",61,16,100,0.25,1,1,0.25,0.5,0.1,0.4,0.5,1,"Standard","LSCO =  0.1","CRLCO =  0.4","MESCD =  0.5",4463.81098588265,"min","LSCO =  0.1   CRLCO =  0.4   MESCD =  0.5"
"93",1,4.46381098588265,1.5983223128103,140,1,3,"3 Month Delay",61,16,100,0.25,1,1,0.25,0.5,0.1,0.4,0.5,1,"Standard","LSCO =  0.1","CRLCO =  0.4","MESCD =  0.5",4463.81098588265,"min","LSCO =  0.1   CRLCO =  0.4   MESCD =  0.5"
"94",1,4.46381098588265,1.5983223128103,202,1,6,"6 Month Delay",61,16,100,0.25,1,1,0.25,0.5,0.1,0.4,0.5,1,"Standard","LSCO =  0.1","CRLCO =  0.4","MESCD =  0.5",4463.81098588265,"min","LSCO =  0.1   CRLCO =  0.4   MESCD =  0.5"
"95",1,4.46381098588265,1.5983223128103,264,1,9,"9 Month Delay",61,16,100,0.25,1,1,0.25,0.5,0.1,0.4,0.5,1,"Standard","LSCO =  0.1","CRLCO =  0.4","MESCD =  0.5",4463.81098588265,"min","LSCO =  0.1   CRLCO =  0.4   MESCD =  0.5"
"96",1,4.46381098588265,1.5983223128103,326,1,12,"12 Month Delay",61,16,100,0.25,1,1,0.25,0.5,0.1,0.4,0.5,1,"Standard","LSCO =  0.1","CRLCO =  0.4","MESCD =  0.5",4463.81098588265,"min","LSCO =  0.1   CRLCO =  0.4   MESCD =  0.5"
"97",1,4.71281942633826,2.04460816858638,17,0,0,"Uncertainty",65,17,100,0.25,1,1,0.25,0.5,0.1,0.5,0.4,1,"Standard","LSCO =  0.1","CRLCO =  0.5","MESCD =  0.4",4712.81942633826,"min","LSCO =  0.1   CRLCO =  0.5   MESCD =  0.4"
"98",1,4.71281942633826,2.04460816858638,79,1,0,"Flexibility",65,17,100,0.25,1,1,0.25,0.5,0.1,0.5,0.4,1,"Standard","LSCO =  0.1","CRLCO =  0.5","MESCD =  0.4",4712.81942633826,"min","LSCO =  0.1   CRLCO =  0.5   MESCD =  0.4"
"99",1,4.71281942633826,2.04460816858638,141,1,3,"3 Month Delay",65,17,100,0.25,1,1,0.25,0.5,0.1,0.5,0.4,1,"Standard","LSCO =  0.1","CRLCO =  0.5","MESCD =  0.4",4712.81942633826,"min","LSCO =  0.1   CRLCO =  0.5   MESCD =  0.4"
"100",1,4.71281942633826,2.04460816858638,203,1,6,"6 Month Delay",65,17,100,0.25,1,1,0.25,0.5,0.1,0.5,0.4,1,"Standard","LSCO =  0.1","CRLCO =  0.5","MESCD =  0.4",4712.81942633826,"min","LSCO =  0.1   CRLCO =  0.5   MESCD =  0.4"
"101",1,4.71281942633826,2.04460816858638,265,1,9,"9 Month Delay",65,17,100,0.25,1,1,0.25,0.5,0.1,0.5,0.4,1,"Standard","LSCO =  0.1","CRLCO =  0.5","MESCD =  0.4",4712.81942633826,"min","LSCO =  0.1   CRLCO =  0.5   MESCD =  0.4"
"102",1,4.71281942633826,2.04460816858638,327,1,12,"12 Month Delay",65,17,100,0.25,1,1,0.25,0.5,0.1,0.5,0.4,1,"Standard","LSCO =  0.1","CRLCO =  0.5","MESCD =  0.4",4712.81942633826,"min","LSCO =  0.1   CRLCO =  0.5   MESCD =  0.4"
"103",1,4.82896670916586,2.11039323492265,18,0,0,"Uncertainty",69,18,100,0.25,1,1,0.25,0.5,0.1,0.6,0.3,1,"Standard","LSCO =  0.1","CRLCO =  0.6","MESCD =  0.3",4828.96670916586,"min","LSCO =  0.1   CRLCO =  0.6   MESCD =  0.3"
"104",1,4.82896670916586,2.11039323492265,80,1,0,"Flexibility",69,18,100,0.25,1,1,0.25,0.5,0.1,0.6,0.3,1,"Standard","LSCO =  0.1","CRLCO =  0.6","MESCD =  0.3",4828.96670916586,"min","LSCO =  0.1   CRLCO =  0.6   MESCD =  0.3"
"105",1,4.82896670916586,2.11039323492265,142,1,3,"3 Month Delay",69,18,100,0.25,1,1,0.25,0.5,0.1,0.6,0.3,1,"Standard","LSCO =  0.1","CRLCO =  0.6","MESCD =  0.3",4828.96670916586,"min","LSCO =  0.1   CRLCO =  0.6   MESCD =  0.3"
"106",1,4.82896670916586,2.11039323492265,204,1,6,"6 Month Delay",69,18,100,0.25,1,1,0.25,0.5,0.1,0.6,0.3,1,"Standard","LSCO =  0.1","CRLCO =  0.6","MESCD =  0.3",4828.96670916586,"min","LSCO =  0.1   CRLCO =  0.6   MESCD =  0.3"
"107",1,4.82896670916586,2.11039323492265,266,1,9,"9 Month Delay",69,18,100,0.25,1,1,0.25,0.5,0.1,0.6,0.3,1,"Standard","LSCO =  0.1","CRLCO =  0.6","MESCD =  0.3",4828.96670916586,"min","LSCO =  0.1   CRLCO =  0.6   MESCD =  0.3"
"108",1,4.82896670916586,2.11039323492265,328,1,12,"12 Month Delay",69,18,100,0.25,1,1,0.25,0.5,0.1,0.6,0.3,1,"Standard","LSCO =  0.1","CRLCO =  0.6","MESCD =  0.3",4828.96670916586,"min","LSCO =  0.1   CRLCO =  0.6   MESCD =  0.3"
"109",1,4.90286058479934,2.14495632690765,19,0,0,"Uncertainty",73,19,100,0.25,1,1,0.25,0.5,0.1,0.7,0.2,1,"Standard","LSCO =  0.1","CRLCO =  0.7","MESCD =  0.2",4902.86058479934,"min","LSCO =  0.1   CRLCO =  0.7   MESCD =  0.2"
"110",1,4.90286058479934,2.14495632690765,81,1,0,"Flexibility",73,19,100,0.25,1,1,0.25,0.5,0.1,0.7,0.2,1,"Standard","LSCO =  0.1","CRLCO =  0.7","MESCD =  0.2",4902.86058479934,"min","LSCO =  0.1   CRLCO =  0.7   MESCD =  0.2"
"111",1,4.90286058479934,2.14495632690765,143,1,3,"3 Month Delay",73,19,100,0.25,1,1,0.25,0.5,0.1,0.7,0.2,1,"Standard","LSCO =  0.1","CRLCO =  0.7","MESCD =  0.2",4902.86058479934,"min","LSCO =  0.1   CRLCO =  0.7   MESCD =  0.2"
"112",1,4.90286058479934,2.14495632690765,205,1,6,"6 Month Delay",73,19,100,0.25,1,1,0.25,0.5,0.1,0.7,0.2,1,"Standard","LSCO =  0.1","CRLCO =  0.7","MESCD =  0.2",4902.86058479934,"min","LSCO =  0.1   CRLCO =  0.7   MESCD =  0.2"
"113",1,4.90286058479934,2.14495632690765,267,1,9,"9 Month Delay",73,19,100,0.25,1,1,0.25,0.5,0.1,0.7,0.2,1,"Standard","LSCO =  0.1","CRLCO =  0.7","MESCD =  0.2",4902.86058479934,"min","LSCO =  0.1   CRLCO =  0.7   MESCD =  0.2"
"114",1,4.90286058479934,2.14495632690765,329,1,12,"12 Month Delay",73,19,100,0.25,1,1,0.25,0.5,0.1,0.7,0.2,1,"Standard","LSCO =  0.1","CRLCO =  0.7","MESCD =  0.2",4902.86058479934,"min","LSCO =  0.1   CRLCO =  0.7   MESCD =  0.2"
"115",1,5.01900893038183,2.19763455615831,20,0,0,"Uncertainty",77,20,100,0.25,1,1,0.25,0.5,0.1,0.8,0.1,1,"Standard","LSCO =  0.1","CRLCO =  0.8","MESCD =  0.1",5019.00893038183,"min","LSCO =  0.1   CRLCO =  0.8   MESCD =  0.1"
"116",1,5.01900893038183,2.19763455615831,82,1,0,"Flexibility",77,20,100,0.25,1,1,0.25,0.5,0.1,0.8,0.1,1,"Standard","LSCO =  0.1","CRLCO =  0.8","MESCD =  0.1",5019.00893038183,"min","LSCO =  0.1   CRLCO =  0.8   MESCD =  0.1"
"117",1,5.01900893038183,2.19763455615831,144,1,3,"3 Month Delay",77,20,100,0.25,1,1,0.25,0.5,0.1,0.8,0.1,1,"Standard","LSCO =  0.1","CRLCO =  0.8","MESCD =  0.1",5019.00893038183,"min","LSCO =  0.1   CRLCO =  0.8   MESCD =  0.1"
"118",1,5.01900893038183,2.19763455615831,206,1,6,"6 Month Delay",77,20,100,0.25,1,1,0.25,0.5,0.1,0.8,0.1,1,"Standard","LSCO =  0.1","CRLCO =  0.8","MESCD =  0.1",5019.00893038183,"min","LSCO =  0.1   CRLCO =  0.8   MESCD =  0.1"
"119",1,5.01900893038183,2.19763455615831,268,1,9,"9 Month Delay",77,20,100,0.25,1,1,0.25,0.5,0.1,0.8,0.1,1,"Standard","LSCO =  0.1","CRLCO =  0.8","MESCD =  0.1",5019.00893038183,"min","LSCO =  0.1   CRLCO =  0.8   MESCD =  0.1"
"120",1,5.01900893038183,2.19763455615831,330,1,12,"12 Month Delay",77,20,100,0.25,1,1,0.25,0.5,0.1,0.8,0.1,1,"Standard","LSCO =  0.1","CRLCO =  0.8","MESCD =  0.1",5019.00893038183,"min","LSCO =  0.1   CRLCO =  0.8   MESCD =  0.1"
"121",1,5.01900893038183,2.19763455615831,21,0,0,"Uncertainty",81,21,100,0.25,1,1,0.25,0.5,0.1,0.9,0,1,"Standard","LSCO =  0.1","CRLCO =  0.9","MESCD =  0",5019.00893038183,"min","LSCO =  0.1   CRLCO =  0.9   MESCD =  0"
"122",1,5.01900893038183,2.19763455615831,83,1,0,"Flexibility",81,21,100,0.25,1,1,0.25,0.5,0.1,0.9,0,1,"Standard","LSCO =  0.1","CRLCO =  0.9","MESCD =  0",5019.00893038183,"min","LSCO =  0.1   CRLCO =  0.9   MESCD =  0"
"123",1,5.01900893038183,2.19763455615831,145,1,3,"3 Month Delay",81,21,100,0.25,1,1,0.25,0.5,0.1,0.9,0,1,"Standard","LSCO =  0.1","CRLCO =  0.9","MESCD =  0",5019.00893038183,"min","LSCO =  0.1   CRLCO =  0.9   MESCD =  0"
"124",1,5.01900893038183,2.19763455615831,207,1,6,"6 Month Delay",81,21,100,0.25,1,1,0.25,0.5,0.1,0.9,0,1,"Standard","LSCO =  0.1","CRLCO =  0.9","MESCD =  0",5019.00893038183,"min","LSCO =  0.1   CRLCO =  0.9   MESCD =  0"
"125",1,5.01900893038183,2.19763455615831,269,1,9,"9 Month Delay",81,21,100,0.25,1,1,0.25,0.5,0.1,0.9,0,1,"Standard","LSCO =  0.1","CRLCO =  0.9","MESCD =  0",5019.00893038183,"min","LSCO =  0.1   CRLCO =  0.9   MESCD =  0"
"126",1,5.01900893038183,2.19763455615831,331,1,12,"12 Month Delay",81,21,100,0.25,1,1,0.25,0.5,0.1,0.9,0,1,"Standard","LSCO =  0.1","CRLCO =  0.9","MESCD =  0",5019.00893038183,"min","LSCO =  0.1   CRLCO =  0.9   MESCD =  0"
"127",1,4.10124553596979,0.579107200014474,22,0,0,"Uncertainty",85,22,100,0.25,1,1,0.25,0.5,0.2,0,0.8,1,"Standard","LSCO =  0.2","CRLCO =  0","MESCD =  0.8",4101.24553596979,"min","LSCO =  0.2   CRLCO =  0   MESCD =  0.8"
"128",1,4.10124553596979,0.579107200014474,84,1,0,"Flexibility",85,22,100,0.25,1,1,0.25,0.5,0.2,0,0.8,1,"Standard","LSCO =  0.2","CRLCO =  0","MESCD =  0.8",4101.24553596979,"min","LSCO =  0.2   CRLCO =  0   MESCD =  0.8"
"129",1,4.10124553596979,0.579107200014474,146,1,3,"3 Month Delay",85,22,100,0.25,1,1,0.25,0.5,0.2,0,0.8,1,"Standard","LSCO =  0.2","CRLCO =  0","MESCD =  0.8",4101.24553596979,"min","LSCO =  0.2   CRLCO =  0   MESCD =  0.8"
"130",1,4.10124553596979,0.579107200014474,208,1,6,"6 Month Delay",85,22,100,0.25,1,1,0.25,0.5,0.2,0,0.8,1,"Standard","LSCO =  0.2","CRLCO =  0","MESCD =  0.8",4101.24553596979,"min","LSCO =  0.2   CRLCO =  0   MESCD =  0.8"
"131",1,4.10124553596979,0.579107200014474,270,1,9,"9 Month Delay",85,22,100,0.25,1,1,0.25,0.5,0.2,0,0.8,1,"Standard","LSCO =  0.2","CRLCO =  0","MESCD =  0.8",4101.24553596979,"min","LSCO =  0.2   CRLCO =  0   MESCD =  0.8"
"132",1,4.10124553596979,0.579107200014474,332,1,12,"12 Month Delay",85,22,100,0.25,1,1,0.25,0.5,0.2,0,0.8,1,"Standard","LSCO =  0.2","CRLCO =  0","MESCD =  0.8",4101.24553596979,"min","LSCO =  0.2   CRLCO =  0   MESCD =  0.8"
"133",1,4.28232768653511,1.33546851073327,23,0,0,"Uncertainty",89,23,100,0.25,1,1,0.25,0.5,0.2,0.1,0.7,1,"Standard","LSCO =  0.2","CRLCO =  0.1","MESCD =  0.7",4282.32768653511,"min","LSCO =  0.2   CRLCO =  0.1   MESCD =  0.7"
"134",1,4.28232768653511,1.33546851073327,85,1,0,"Flexibility",89,23,100,0.25,1,1,0.25,0.5,0.2,0.1,0.7,1,"Standard","LSCO =  0.2","CRLCO =  0.1","MESCD =  0.7",4282.32768653511,"min","LSCO =  0.2   CRLCO =  0.1   MESCD =  0.7"
"135",1,4.28232768653511,1.33546851073327,147,1,3,"3 Month Delay",89,23,100,0.25,1,1,0.25,0.5,0.2,0.1,0.7,1,"Standard","LSCO =  0.2","CRLCO =  0.1","MESCD =  0.7",4282.32768653511,"min","LSCO =  0.2   CRLCO =  0.1   MESCD =  0.7"
"136",1,4.28232768653511,1.33546851073327,209,1,6,"6 Month Delay",89,23,100,0.25,1,1,0.25,0.5,0.2,0.1,0.7,1,"Standard","LSCO =  0.2","CRLCO =  0.1","MESCD =  0.7",4282.32768653511,"min","LSCO =  0.2   CRLCO =  0.1   MESCD =  0.7"
"137",1,4.28232768653511,1.33546851073327,271,1,9,"9 Month Delay",89,23,100,0.25,1,1,0.25,0.5,0.2,0.1,0.7,1,"Standard","LSCO =  0.2","CRLCO =  0.1","MESCD =  0.7",4282.32768653511,"min","LSCO =  0.2   CRLCO =  0.1   MESCD =  0.7"
"138",1,4.28232768653511,1.33546851073327,333,1,12,"12 Month Delay",89,23,100,0.25,1,1,0.25,0.5,0.2,0.1,0.7,1,"Standard","LSCO =  0.2","CRLCO =  0.1","MESCD =  0.7",4282.32768653511,"min","LSCO =  0.2   CRLCO =  0.1   MESCD =  0.7"
"139",1,4.4284313215306,1.49012249144079,24,0,0,"Uncertainty",93,24,100,0.25,1,1,0.25,0.5,0.2,0.2,0.6,1,"Standard","LSCO =  0.2","CRLCO =  0.2","MESCD =  0.6",4428.4313215306,"min","LSCO =  0.2   CRLCO =  0.2   MESCD =  0.6"
"140",1,4.4284313215306,1.49012249144079,86,1,0,"Flexibility",93,24,100,0.25,1,1,0.25,0.5,0.2,0.2,0.6,1,"Standard","LSCO =  0.2","CRLCO =  0.2","MESCD =  0.6",4428.4313215306,"min","LSCO =  0.2   CRLCO =  0.2   MESCD =  0.6"
"141",1,4.4284313215306,1.49012249144079,148,1,3,"3 Month Delay",93,24,100,0.25,1,1,0.25,0.5,0.2,0.2,0.6,1,"Standard","LSCO =  0.2","CRLCO =  0.2","MESCD =  0.6",4428.4313215306,"min","LSCO =  0.2   CRLCO =  0.2   MESCD =  0.6"
"142",1,4.4284313215306,1.49012249144079,210,1,6,"6 Month Delay",93,24,100,0.25,1,1,0.25,0.5,0.2,0.2,0.6,1,"Standard","LSCO =  0.2","CRLCO =  0.2","MESCD =  0.6",4428.4313215306,"min","LSCO =  0.2   CRLCO =  0.2   MESCD =  0.6"
"143",1,4.4284313215306,1.49012249144079,272,1,9,"9 Month Delay",93,24,100,0.25,1,1,0.25,0.5,0.2,0.2,0.6,1,"Standard","LSCO =  0.2","CRLCO =  0.2","MESCD =  0.6",4428.4313215306,"min","LSCO =  0.2   CRLCO =  0.2   MESCD =  0.6"
"144",1,4.4284313215306,1.49012249144079,334,1,12,"12 Month Delay",93,24,100,0.25,1,1,0.25,0.5,0.2,0.2,0.6,1,"Standard","LSCO =  0.2","CRLCO =  0.2","MESCD =  0.6",4428.4313215306,"min","LSCO =  0.2   CRLCO =  0.2   MESCD =  0.6"
"145",1,4.53234244916663,1.65024060746884,25,0,0,"Uncertainty",97,25,100,0.25,1,1,0.25,0.5,0.2,0.3,0.5,1,"Standard","LSCO =  0.2","CRLCO =  0.3","MESCD =  0.5",4532.34244916663,"min","LSCO =  0.2   CRLCO =  0.3   MESCD =  0.5"
"146",1,4.53234244916663,1.65024060746884,87,1,0,"Flexibility",97,25,100,0.25,1,1,0.25,0.5,0.2,0.3,0.5,1,"Standard","LSCO =  0.2","CRLCO =  0.3","MESCD =  0.5",4532.34244916663,"min","LSCO =  0.2   CRLCO =  0.3   MESCD =  0.5"
"147",1,4.53234244916663,1.65024060746884,149,1,3,"3 Month Delay",97,25,100,0.25,1,1,0.25,0.5,0.2,0.3,0.5,1,"Standard","LSCO =  0.2","CRLCO =  0.3","MESCD =  0.5",4532.34244916663,"min","LSCO =  0.2   CRLCO =  0.3   MESCD =  0.5"
"148",1,4.53234244916663,1.65024060746884,211,1,6,"6 Month Delay",97,25,100,0.25,1,1,0.25,0.5,0.2,0.3,0.5,1,"Standard","LSCO =  0.2","CRLCO =  0.3","MESCD =  0.5",4532.34244916663,"min","LSCO =  0.2   CRLCO =  0.3   MESCD =  0.5"
"149",1,4.53234244916663,1.65024060746884,273,1,9,"9 Month Delay",97,25,100,0.25,1,1,0.25,0.5,0.2,0.3,0.5,1,"Standard","LSCO =  0.2","CRLCO =  0.3","MESCD =  0.5",4532.34244916663,"min","LSCO =  0.2   CRLCO =  0.3   MESCD =  0.5"
"150",1,4.53234244916663,1.65024060746884,335,1,12,"12 Month Delay",97,25,100,0.25,1,1,0.25,0.5,0.2,0.3,0.5,1,"Standard","LSCO =  0.2","CRLCO =  0.3","MESCD =  0.5",4532.34244916663,"min","LSCO =  0.2   CRLCO =  0.3   MESCD =  0.5"
"151",1,4.78135088962223,2.07716341164099,26,0,0,"Uncertainty",101,26,100,0.25,1,1,0.25,0.5,0.2,0.4,0.4,1,"Standard","LSCO =  0.2","CRLCO =  0.4","MESCD =  0.4",4781.35088962223,"min","LSCO =  0.2   CRLCO =  0.4   MESCD =  0.4"
"152",1,4.78135088962223,2.07716341164099,88,1,0,"Flexibility",101,26,100,0.25,1,1,0.25,0.5,0.2,0.4,0.4,1,"Standard","LSCO =  0.2","CRLCO =  0.4","MESCD =  0.4",4781.35088962223,"min","LSCO =  0.2   CRLCO =  0.4   MESCD =  0.4"
"153",1,4.78135088962223,2.07716341164099,150,1,3,"3 Month Delay",101,26,100,0.25,1,1,0.25,0.5,0.2,0.4,0.4,1,"Standard","LSCO =  0.2","CRLCO =  0.4","MESCD =  0.4",4781.35088962223,"min","LSCO =  0.2   CRLCO =  0.4   MESCD =  0.4"
"154",1,4.78135088962223,2.07716341164099,212,1,6,"6 Month Delay",101,26,100,0.25,1,1,0.25,0.5,0.2,0.4,0.4,1,"Standard","LSCO =  0.2","CRLCO =  0.4","MESCD =  0.4",4781.35088962223,"min","LSCO =  0.2   CRLCO =  0.4   MESCD =  0.4"
"155",1,4.78135088962223,2.07716341164099,274,1,9,"9 Month Delay",101,26,100,0.25,1,1,0.25,0.5,0.2,0.4,0.4,1,"Standard","LSCO =  0.2","CRLCO =  0.4","MESCD =  0.4",4781.35088962223,"min","LSCO =  0.2   CRLCO =  0.4   MESCD =  0.4"
"156",1,4.78135088962223,2.07716341164099,336,1,12,"12 Month Delay",101,26,100,0.25,1,1,0.25,0.5,0.2,0.4,0.4,1,"Standard","LSCO =  0.2","CRLCO =  0.4","MESCD =  0.4",4781.35088962223,"min","LSCO =  0.2   CRLCO =  0.4   MESCD =  0.4"
"157",1,4.89749817244983,2.13819189789551,27,0,0,"Uncertainty",105,27,100,0.25,1,1,0.25,0.5,0.2,0.5,0.3,1,"Standard","LSCO =  0.2","CRLCO =  0.5","MESCD =  0.3",4897.49817244983,"min","LSCO =  0.2   CRLCO =  0.5   MESCD =  0.3"
"158",1,4.89749817244983,2.13819189789551,89,1,0,"Flexibility",105,27,100,0.25,1,1,0.25,0.5,0.2,0.5,0.3,1,"Standard","LSCO =  0.2","CRLCO =  0.5","MESCD =  0.3",4897.49817244983,"min","LSCO =  0.2   CRLCO =  0.5   MESCD =  0.3"
"159",1,4.89749817244983,2.13819189789551,151,1,3,"3 Month Delay",105,27,100,0.25,1,1,0.25,0.5,0.2,0.5,0.3,1,"Standard","LSCO =  0.2","CRLCO =  0.5","MESCD =  0.3",4897.49817244983,"min","LSCO =  0.2   CRLCO =  0.5   MESCD =  0.3"
"160",1,4.89749817244983,2.13819189789551,213,1,6,"6 Month Delay",105,27,100,0.25,1,1,0.25,0.5,0.2,0.5,0.3,1,"Standard","LSCO =  0.2","CRLCO =  0.5","MESCD =  0.3",4897.49817244983,"min","LSCO =  0.2   CRLCO =  0.5   MESCD =  0.3"
"161",1,4.89749817244983,2.13819189789551,275,1,9,"9 Month Delay",105,27,100,0.25,1,1,0.25,0.5,0.2,0.5,0.3,1,"Standard","LSCO =  0.2","CRLCO =  0.5","MESCD =  0.3",4897.49817244983,"min","LSCO =  0.2   CRLCO =  0.5   MESCD =  0.3"
"162",1,4.89749817244983,2.13819189789551,337,1,12,"12 Month Delay",105,27,100,0.25,1,1,0.25,0.5,0.2,0.5,0.3,1,"Standard","LSCO =  0.2","CRLCO =  0.5","MESCD =  0.3",4897.49817244983,"min","LSCO =  0.2   CRLCO =  0.5   MESCD =  0.3"
"163",1,4.97139204808332,2.1699567312645,28,0,0,"Uncertainty",109,28,100,0.25,1,1,0.25,0.5,0.2,0.6,0.2,1,"Standard","LSCO =  0.2","CRLCO =  0.6","MESCD =  0.2",4971.39204808332,"min","LSCO =  0.2   CRLCO =  0.6   MESCD =  0.2"
"164",1,4.97139204808332,2.1699567312645,90,1,0,"Flexibility",109,28,100,0.25,1,1,0.25,0.5,0.2,0.6,0.2,1,"Standard","LSCO =  0.2","CRLCO =  0.6","MESCD =  0.2",4971.39204808332,"min","LSCO =  0.2   CRLCO =  0.6   MESCD =  0.2"
"165",1,4.97139204808332,2.1699567312645,152,1,3,"3 Month Delay",109,28,100,0.25,1,1,0.25,0.5,0.2,0.6,0.2,1,"Standard","LSCO =  0.2","CRLCO =  0.6","MESCD =  0.2",4971.39204808332,"min","LSCO =  0.2   CRLCO =  0.6   MESCD =  0.2"
"166",1,4.97139204808332,2.1699567312645,214,1,6,"6 Month Delay",109,28,100,0.25,1,1,0.25,0.5,0.2,0.6,0.2,1,"Standard","LSCO =  0.2","CRLCO =  0.6","MESCD =  0.2",4971.39204808332,"min","LSCO =  0.2   CRLCO =  0.6   MESCD =  0.2"
"167",1,4.97139204808332,2.1699567312645,276,1,9,"9 Month Delay",109,28,100,0.25,1,1,0.25,0.5,0.2,0.6,0.2,1,"Standard","LSCO =  0.2","CRLCO =  0.6","MESCD =  0.2",4971.39204808332,"min","LSCO =  0.2   CRLCO =  0.6   MESCD =  0.2"
"168",1,4.97139204808332,2.1699567312645,338,1,12,"12 Month Delay",109,28,100,0.25,1,1,0.25,0.5,0.2,0.6,0.2,1,"Standard","LSCO =  0.2","CRLCO =  0.6","MESCD =  0.2",4971.39204808332,"min","LSCO =  0.2   CRLCO =  0.6   MESCD =  0.2"
"169",1,5.0875403936658,2.21842100988816,29,0,0,"Uncertainty",113,29,100,0.25,1,1,0.25,0.5,0.2,0.8,0,1,"Standard","LSCO =  0.2","CRLCO =  0.8","MESCD =  0",5087.5403936658,"min","LSCO =  0.2   CRLCO =  0.8   MESCD =  0"
"170",1,5.0875403936658,2.21842100988816,91,1,0,"Flexibility",113,29,100,0.25,1,1,0.25,0.5,0.2,0.8,0,1,"Standard","LSCO =  0.2","CRLCO =  0.8","MESCD =  0",5087.5403936658,"min","LSCO =  0.2   CRLCO =  0.8   MESCD =  0"
"171",1,5.0875403936658,2.21842100988816,153,1,3,"3 Month Delay",113,29,100,0.25,1,1,0.25,0.5,0.2,0.8,0,1,"Standard","LSCO =  0.2","CRLCO =  0.8","MESCD =  0",5087.5403936658,"min","LSCO =  0.2   CRLCO =  0.8   MESCD =  0"
"172",1,5.0875403936658,2.21842100988816,215,1,6,"6 Month Delay",113,29,100,0.25,1,1,0.25,0.5,0.2,0.8,0,1,"Standard","LSCO =  0.2","CRLCO =  0.8","MESCD =  0",5087.5403936658,"min","LSCO =  0.2   CRLCO =  0.8   MESCD =  0"
"173",1,5.0875403936658,2.21842100988816,277,1,9,"9 Month Delay",113,29,100,0.25,1,1,0.25,0.5,0.2,0.8,0,1,"Standard","LSCO =  0.2","CRLCO =  0.8","MESCD =  0",5087.5403936658,"min","LSCO =  0.2   CRLCO =  0.8   MESCD =  0"
"174",1,5.0875403936658,2.21842100988816,339,1,12,"12 Month Delay",113,29,100,0.25,1,1,0.25,0.5,0.2,0.8,0,1,"Standard","LSCO =  0.2","CRLCO =  0.8","MESCD =  0",5087.5403936658,"min","LSCO =  0.2   CRLCO =  0.8   MESCD =  0"
"175",1,4.46372994978238,1.86762445663537,30,0,0,"Uncertainty",117,30,100,0.25,1,1,0.25,0.5,0.3,0,0.7,1,"Standard","LSCO =  0.3","CRLCO =  0","MESCD =  0.7",4463.72994978238,"min","LSCO =  0.3   CRLCO =  0   MESCD =  0.7"
"176",1,4.46372994978238,1.86762445663537,92,1,0,"Flexibility",117,30,100,0.25,1,1,0.25,0.5,0.3,0,0.7,1,"Standard","LSCO =  0.3","CRLCO =  0","MESCD =  0.7",4463.72994978238,"min","LSCO =  0.3   CRLCO =  0   MESCD =  0.7"
"177",1,4.46372994978238,1.86762445663537,154,1,3,"3 Month Delay",117,30,100,0.25,1,1,0.25,0.5,0.3,0,0.7,1,"Standard","LSCO =  0.3","CRLCO =  0","MESCD =  0.7",4463.72994978238,"min","LSCO =  0.3   CRLCO =  0   MESCD =  0.7"
"178",1,4.46372994978238,1.86762445663537,216,1,6,"6 Month Delay",117,30,100,0.25,1,1,0.25,0.5,0.3,0,0.7,1,"Standard","LSCO =  0.3","CRLCO =  0","MESCD =  0.7",4463.72994978238,"min","LSCO =  0.3   CRLCO =  0   MESCD =  0.7"
"179",1,4.46372994978238,1.86762445663537,278,1,9,"9 Month Delay",117,30,100,0.25,1,1,0.25,0.5,0.3,0,0.7,1,"Standard","LSCO =  0.3","CRLCO =  0","MESCD =  0.7",4463.72994978238,"min","LSCO =  0.3   CRLCO =  0   MESCD =  0.7"
"180",1,4.46372994978238,1.86762445663537,340,1,12,"12 Month Delay",117,30,100,0.25,1,1,0.25,0.5,0.3,0,0.7,1,"Standard","LSCO =  0.3","CRLCO =  0","MESCD =  0.7",4463.72994978238,"min","LSCO =  0.3   CRLCO =  0   MESCD =  0.7"
"181",1,4.60983358477787,1.96760451371632,31,0,0,"Uncertainty",121,31,100,0.25,1,1,0.25,0.5,0.3,0.1,0.6,1,"Standard","LSCO =  0.3","CRLCO =  0.1","MESCD =  0.6",4609.83358477787,"min","LSCO =  0.3   CRLCO =  0.1   MESCD =  0.6"
"182",2,4.59223241732118,1.78731546259006,93,1,0,"Flexibility",122,31,100,0.25,1,1,0.25,0.5,0.3,0.1,0.6,1,"Simple","LSCO =  0.3","CRLCO =  0.1","MESCD =  0.6",4592.23241732118,"min","LSCO =  0.3   CRLCO =  0.1   MESCD =  0.6"
"183",2,4.59207967525407,1.78724150211465,155,1,3,"3 Month Delay",122,31,100,0.25,1,1,0.25,0.5,0.3,0.1,0.6,1,"Simple","LSCO =  0.3","CRLCO =  0.1","MESCD =  0.6",4592.07967525407,"min","LSCO =  0.3   CRLCO =  0.1   MESCD =  0.6"
"184",2,4.59192773228435,1.78716794518514,217,1,6,"6 Month Delay",122,31,100,0.25,1,1,0.25,0.5,0.3,0.1,0.6,1,"Simple","LSCO =  0.3","CRLCO =  0.1","MESCD =  0.6",4591.92773228435,"min","LSCO =  0.3   CRLCO =  0.1   MESCD =  0.6"
"185",2,4.59177658423139,1.78709478951903,279,1,9,"9 Month Delay",122,31,100,0.25,1,1,0.25,0.5,0.3,0.1,0.6,1,"Simple","LSCO =  0.3","CRLCO =  0.1","MESCD =  0.6",4591.77658423139,"min","LSCO =  0.3   CRLCO =  0.1   MESCD =  0.6"
"186",2,4.59162622693645,1.78702203284747,341,1,12,"12 Month Delay",122,31,100,0.25,1,1,0.25,0.5,0.3,0.1,0.6,1,"Simple","LSCO =  0.3","CRLCO =  0.1","MESCD =  0.6",4591.62622693645,"min","LSCO =  0.3   CRLCO =  0.1   MESCD =  0.6"
"187",1,4.71374471241389,2.08235835428994,32,0,0,"Uncertainty",125,32,100,0.25,1,1,0.25,0.5,0.3,0.2,0.5,1,"Standard","LSCO =  0.3","CRLCO =  0.2","MESCD =  0.5",4713.74471241389,"min","LSCO =  0.3   CRLCO =  0.2   MESCD =  0.5"
"188",1,4.71374471241389,2.08235835428994,94,1,0,"Flexibility",125,32,100,0.25,1,1,0.25,0.5,0.3,0.2,0.5,1,"Standard","LSCO =  0.3","CRLCO =  0.2","MESCD =  0.5",4713.74471241389,"min","LSCO =  0.3   CRLCO =  0.2   MESCD =  0.5"
"189",1,4.71374471241389,2.08235835428994,156,1,3,"3 Month Delay",125,32,100,0.25,1,1,0.25,0.5,0.3,0.2,0.5,1,"Standard","LSCO =  0.3","CRLCO =  0.2","MESCD =  0.5",4713.74471241389,"min","LSCO =  0.3   CRLCO =  0.2   MESCD =  0.5"
"190",1,4.71374471241389,2.08235835428994,218,1,6,"6 Month Delay",125,32,100,0.25,1,1,0.25,0.5,0.3,0.2,0.5,1,"Standard","LSCO =  0.3","CRLCO =  0.2","MESCD =  0.5",4713.74471241389,"min","LSCO =  0.3   CRLCO =  0.2   MESCD =  0.5"
"191",1,4.71374471241389,2.08235835428994,280,1,9,"9 Month Delay",125,32,100,0.25,1,1,0.25,0.5,0.3,0.2,0.5,1,"Standard","LSCO =  0.3","CRLCO =  0.2","MESCD =  0.5",4713.74471241389,"min","LSCO =  0.3   CRLCO =  0.2   MESCD =  0.5"
"192",1,4.71374471241389,2.08235835428994,342,1,12,"12 Month Delay",125,32,100,0.25,1,1,0.25,0.5,0.3,0.2,0.5,1,"Standard","LSCO =  0.3","CRLCO =  0.2","MESCD =  0.5",4713.74471241389,"min","LSCO =  0.3   CRLCO =  0.2   MESCD =  0.5"
"193",1,4.9627531528695,2.41583860453947,33,0,0,"Uncertainty",129,33,100,0.25,1,1,0.25,0.5,0.3,0.3,0.4,1,"Standard","LSCO =  0.3","CRLCO =  0.3","MESCD =  0.4",4962.7531528695,"min","LSCO =  0.3   CRLCO =  0.3   MESCD =  0.4"
"194",1,4.9627531528695,2.41583860453947,95,1,0,"Flexibility",129,33,100,0.25,1,1,0.25,0.5,0.3,0.3,0.4,1,"Standard","LSCO =  0.3","CRLCO =  0.3","MESCD =  0.4",4962.7531528695,"min","LSCO =  0.3   CRLCO =  0.3   MESCD =  0.4"
"195",1,4.9627531528695,2.41583860453947,157,1,3,"3 Month Delay",129,33,100,0.25,1,1,0.25,0.5,0.3,0.3,0.4,1,"Standard","LSCO =  0.3","CRLCO =  0.3","MESCD =  0.4",4962.7531528695,"min","LSCO =  0.3   CRLCO =  0.3   MESCD =  0.4"
"196",1,4.9627531528695,2.41583860453947,219,1,6,"6 Month Delay",129,33,100,0.25,1,1,0.25,0.5,0.3,0.3,0.4,1,"Standard","LSCO =  0.3","CRLCO =  0.3","MESCD =  0.4",4962.7531528695,"min","LSCO =  0.3   CRLCO =  0.3   MESCD =  0.4"
"197",1,4.9627531528695,2.41583860453947,281,1,9,"9 Month Delay",129,33,100,0.25,1,1,0.25,0.5,0.3,0.3,0.4,1,"Standard","LSCO =  0.3","CRLCO =  0.3","MESCD =  0.4",4962.7531528695,"min","LSCO =  0.3   CRLCO =  0.3   MESCD =  0.4"
"198",1,4.9627531528695,2.41583860453947,343,1,12,"12 Month Delay",129,33,100,0.25,1,1,0.25,0.5,0.3,0.3,0.4,1,"Standard","LSCO =  0.3","CRLCO =  0.3","MESCD =  0.4",4962.7531528695,"min","LSCO =  0.3   CRLCO =  0.3   MESCD =  0.4"
"199",1,5.0789004356971,2.45987164558629,34,0,0,"Uncertainty",133,34,100,0.25,1,1,0.25,0.5,0.3,0.4,0.3,1,"Standard","LSCO =  0.3","CRLCO =  0.4","MESCD =  0.3",5078.9004356971,"min","LSCO =  0.3   CRLCO =  0.4   MESCD =  0.3"
"200",1,5.0789004356971,2.45987164558629,96,1,0,"Flexibility",133,34,100,0.25,1,1,0.25,0.5,0.3,0.4,0.3,1,"Standard","LSCO =  0.3","CRLCO =  0.4","MESCD =  0.3",5078.9004356971,"min","LSCO =  0.3   CRLCO =  0.4   MESCD =  0.3"
"201",1,5.0789004356971,2.45987164558629,158,1,3,"3 Month Delay",133,34,100,0.25,1,1,0.25,0.5,0.3,0.4,0.3,1,"Standard","LSCO =  0.3","CRLCO =  0.4","MESCD =  0.3",5078.9004356971,"min","LSCO =  0.3   CRLCO =  0.4   MESCD =  0.3"
"202",1,5.0789004356971,2.45987164558629,220,1,6,"6 Month Delay",133,34,100,0.25,1,1,0.25,0.5,0.3,0.4,0.3,1,"Standard","LSCO =  0.3","CRLCO =  0.4","MESCD =  0.3",5078.9004356971,"min","LSCO =  0.3   CRLCO =  0.4   MESCD =  0.3"
"203",1,5.0789004356971,2.45987164558629,282,1,9,"9 Month Delay",133,34,100,0.25,1,1,0.25,0.5,0.3,0.4,0.3,1,"Standard","LSCO =  0.3","CRLCO =  0.4","MESCD =  0.3",5078.9004356971,"min","LSCO =  0.3   CRLCO =  0.4   MESCD =  0.3"
"204",1,5.0789004356971,2.45987164558629,344,1,12,"12 Month Delay",133,34,100,0.25,1,1,0.25,0.5,0.3,0.4,0.3,1,"Standard","LSCO =  0.3","CRLCO =  0.4","MESCD =  0.3",5078.9004356971,"min","LSCO =  0.3   CRLCO =  0.4   MESCD =  0.3"
"205",1,5.15279431133059,2.48208305768054,35,0,0,"Uncertainty",137,35,100,0.25,1,1,0.25,0.5,0.3,0.5,0.2,1,"Standard","LSCO =  0.3","CRLCO =  0.5","MESCD =  0.2",5152.79431133059,"min","LSCO =  0.3   CRLCO =  0.5   MESCD =  0.2"
"206",1,5.15279431133059,2.48208305768054,97,1,0,"Flexibility",137,35,100,0.25,1,1,0.25,0.5,0.3,0.5,0.2,1,"Standard","LSCO =  0.3","CRLCO =  0.5","MESCD =  0.2",5152.79431133059,"min","LSCO =  0.3   CRLCO =  0.5   MESCD =  0.2"
"207",1,5.15279431133059,2.48208305768054,159,1,3,"3 Month Delay",137,35,100,0.25,1,1,0.25,0.5,0.3,0.5,0.2,1,"Standard","LSCO =  0.3","CRLCO =  0.5","MESCD =  0.2",5152.79431133059,"min","LSCO =  0.3   CRLCO =  0.5   MESCD =  0.2"
"208",1,5.15279431133059,2.48208305768054,221,1,6,"6 Month Delay",137,35,100,0.25,1,1,0.25,0.5,0.3,0.5,0.2,1,"Standard","LSCO =  0.3","CRLCO =  0.5","MESCD =  0.2",5152.79431133059,"min","LSCO =  0.3   CRLCO =  0.5   MESCD =  0.2"
"209",1,5.15279431133059,2.48208305768054,283,1,9,"9 Month Delay",137,35,100,0.25,1,1,0.25,0.5,0.3,0.5,0.2,1,"Standard","LSCO =  0.3","CRLCO =  0.5","MESCD =  0.2",5152.79431133059,"min","LSCO =  0.3   CRLCO =  0.5   MESCD =  0.2"
"210",1,5.15279431133059,2.48208305768054,345,1,12,"12 Month Delay",137,35,100,0.25,1,1,0.25,0.5,0.3,0.5,0.2,1,"Standard","LSCO =  0.3","CRLCO =  0.5","MESCD =  0.2",5152.79431133059,"min","LSCO =  0.3   CRLCO =  0.5   MESCD =  0.2"
"211",1,5.26894265691307,2.51611825503515,36,0,0,"Uncertainty",141,36,100,0.25,1,1,0.25,0.5,0.3,0.7,0,1,"Standard","LSCO =  0.3","CRLCO =  0.7","MESCD =  0",5268.94265691307,"min","LSCO =  0.3   CRLCO =  0.7   MESCD =  0"
"212",1,5.26894265691307,2.51611825503515,98,1,0,"Flexibility",141,36,100,0.25,1,1,0.25,0.5,0.3,0.7,0,1,"Standard","LSCO =  0.3","CRLCO =  0.7","MESCD =  0",5268.94265691307,"min","LSCO =  0.3   CRLCO =  0.7   MESCD =  0"
"213",1,5.26894265691307,2.51611825503515,160,1,3,"3 Month Delay",141,36,100,0.25,1,1,0.25,0.5,0.3,0.7,0,1,"Standard","LSCO =  0.3","CRLCO =  0.7","MESCD =  0",5268.94265691307,"min","LSCO =  0.3   CRLCO =  0.7   MESCD =  0"
"214",1,5.26894265691307,2.51611825503515,222,1,6,"6 Month Delay",141,36,100,0.25,1,1,0.25,0.5,0.3,0.7,0,1,"Standard","LSCO =  0.3","CRLCO =  0.7","MESCD =  0",5268.94265691307,"min","LSCO =  0.3   CRLCO =  0.7   MESCD =  0"
"215",1,5.26894265691307,2.51611825503515,284,1,9,"9 Month Delay",141,36,100,0.25,1,1,0.25,0.5,0.3,0.7,0,1,"Standard","LSCO =  0.3","CRLCO =  0.7","MESCD =  0",5268.94265691307,"min","LSCO =  0.3   CRLCO =  0.7   MESCD =  0"
"216",1,5.26894265691307,2.51611825503515,346,1,12,"12 Month Delay",141,36,100,0.25,1,1,0.25,0.5,0.3,0.7,0,1,"Standard","LSCO =  0.3","CRLCO =  0.7","MESCD =  0",5268.94265691307,"min","LSCO =  0.3   CRLCO =  0.7   MESCD =  0"
"217",2,4.73958697567434,1.83104939591669,37,0,0,"Uncertainty",146,37,100,0.25,1,1,0.25,0.5,0.4,0,0.6,1,"Simple","LSCO =  0.4","CRLCO =  0","MESCD =  0.6",4739.58697567434,"min","LSCO =  0.4   CRLCO =  0   MESCD =  0.6"
"218",2,4.66891276365293,1.84625589353647,99,1,0,"Flexibility",146,37,100,0.25,1,1,0.25,0.5,0.4,0,0.6,1,"Simple","LSCO =  0.4","CRLCO =  0","MESCD =  0.6",4668.91276365293,"min","LSCO =  0.4   CRLCO =  0   MESCD =  0.6"
"219",2,4.66875934055983,1.84617482735243,161,1,3,"3 Month Delay",146,37,100,0.25,1,1,0.25,0.5,0.4,0,0.6,1,"Simple","LSCO =  0.4","CRLCO =  0","MESCD =  0.6",4668.75934055983,"min","LSCO =  0.4   CRLCO =  0   MESCD =  0.6"
"220",2,4.66860672012702,1.8460942009163,223,1,6,"6 Month Delay",146,37,100,0.25,1,1,0.25,0.5,0.4,0,0.6,1,"Simple","LSCO =  0.4","CRLCO =  0","MESCD =  0.6",4668.60672012702,"min","LSCO =  0.4   CRLCO =  0   MESCD =  0.6"
"221",2,4.66845489815525,1.84601401176632,285,1,9,"9 Month Delay",146,37,100,0.25,1,1,0.25,0.5,0.4,0,0.6,1,"Simple","LSCO =  0.4","CRLCO =  0","MESCD =  0.6",4668.45489815525,"min","LSCO =  0.4   CRLCO =  0   MESCD =  0.6"
"222",2,4.66830387046721,1.84593425745524,347,1,12,"12 Month Delay",146,37,100,0.25,1,1,0.25,0.5,0.4,0,0.6,1,"Simple","LSCO =  0.4","CRLCO =  0","MESCD =  0.6",4668.30387046721,"min","LSCO =  0.4   CRLCO =  0   MESCD =  0.6"
"223",2,4.95398078878677,2.18998409967149,38,0,0,"Uncertainty",150,38,100,0.25,1,1,0.25,0.5,0.4,0.1,0.5,1,"Simple","LSCO =  0.4","CRLCO =  0.1","MESCD =  0.5",4953.98078878677,"min","LSCO =  0.4   CRLCO =  0.1   MESCD =  0.5"
"224",2,4.88986985080547,2.20455466517357,100,1,0,"Flexibility",150,38,100,0.25,1,1,0.25,0.5,0.4,0.1,0.5,1,"Simple","LSCO =  0.4","CRLCO =  0.1","MESCD =  0.5",4889.86985080547,"min","LSCO =  0.4   CRLCO =  0.1   MESCD =  0.5"
"225",2,4.889682090773,2.204477088698,162,1,3,"3 Month Delay",150,38,100,0.25,1,1,0.25,0.5,0.4,0.1,0.5,1,"Simple","LSCO =  0.4","CRLCO =  0.1","MESCD =  0.5",4889.682090773,"min","LSCO =  0.4   CRLCO =  0.1   MESCD =  0.5"
"226",2,4.88949531304064,2.2043999320521,224,1,6,"6 Month Delay",150,38,100,0.25,1,1,0.25,0.5,0.4,0.1,0.5,1,"Simple","LSCO =  0.4","CRLCO =  0.1","MESCD =  0.5",4889.49531304064,"min","LSCO =  0.4   CRLCO =  0.1   MESCD =  0.5"
"227",2,4.88930951246932,2.20432319289508,286,1,9,"9 Month Delay",150,38,100,0.25,1,1,0.25,0.5,0.4,0.1,0.5,1,"Simple","LSCO =  0.4","CRLCO =  0.1","MESCD =  0.5",4889.30951246932,"min","LSCO =  0.4   CRLCO =  0.1   MESCD =  0.5"
"228",2,4.88912468394684,2.20424686889986,348,1,12,"12 Month Delay",150,38,100,0.25,1,1,0.25,0.5,0.4,0.1,0.5,1,"Simple","LSCO =  0.4","CRLCO =  0.1","MESCD =  0.5",4889.12468394684,"min","LSCO =  0.4   CRLCO =  0.1   MESCD =  0.5"
"229",2,5.13454940045686,2.59911467989369,39,0,0,"Uncertainty",154,39,100,0.25,1,1,0.25,0.5,0.4,0.2,0.4,1,"Simple","LSCO =  0.4","CRLCO =  0.2","MESCD =  0.4",5134.54940045686,"min","LSCO =  0.4   CRLCO =  0.2   MESCD =  0.4"
"230",2,5.07693690158485,2.611472315793,101,1,0,"Flexibility",154,39,100,0.25,1,1,0.25,0.5,0.4,0.2,0.4,1,"Simple","LSCO =  0.4","CRLCO =  0.2","MESCD =  0.4",5076.93690158485,"min","LSCO =  0.4   CRLCO =  0.2   MESCD =  0.4"
"231",2,5.0767151438085,2.61140650626804,163,1,3,"3 Month Delay",154,39,100,0.25,1,1,0.25,0.5,0.4,0.2,0.4,1,"Simple","LSCO =  0.4","CRLCO =  0.2","MESCD =  0.4",5076.7151438085,"min","LSCO =  0.4   CRLCO =  0.2   MESCD =  0.4"
"232",2,5.07649454619754,2.61134105306874,225,1,6,"6 Month Delay",154,39,100,0.25,1,1,0.25,0.5,0.4,0.2,0.4,1,"Simple","LSCO =  0.4","CRLCO =  0.2","MESCD =  0.4",5076.49454619754,"min","LSCO =  0.4   CRLCO =  0.2   MESCD =  0.4"
"233",2,5.07627510268234,2.61127595420625,287,1,9,"9 Month Delay",154,39,100,0.25,1,1,0.25,0.5,0.4,0.2,0.4,1,"Simple","LSCO =  0.4","CRLCO =  0.2","MESCD =  0.4",5076.27510268234,"min","LSCO =  0.4   CRLCO =  0.2   MESCD =  0.4"
"234",2,5.07605680722505,2.61121120770343,349,1,12,"12 Month Delay",154,39,100,0.25,1,1,0.25,0.5,0.4,0.2,0.4,1,"Simple","LSCO =  0.4","CRLCO =  0.2","MESCD =  0.4",5076.05680722505,"min","LSCO =  0.4   CRLCO =  0.2   MESCD =  0.4"
"235",2,5.21086399033999,2.62458067588203,40,0,0,"Uncertainty",158,40,100,0.25,1,1,0.25,0.5,0.4,0.3,0.3,1,"Simple","LSCO =  0.4","CRLCO =  0.3","MESCD =  0.3",5210.86399033999,"min","LSCO =  0.4   CRLCO =  0.3   MESCD =  0.3"
"236",2,5.15984979376316,2.63495492860666,102,1,0,"Flexibility",158,40,100,0.25,1,1,0.25,0.5,0.4,0.3,0.3,1,"Simple","LSCO =  0.4","CRLCO =  0.3","MESCD =  0.3",5159.84979376316,"min","LSCO =  0.4   CRLCO =  0.3   MESCD =  0.3"
"237",2,5.15959351579086,2.63489958017237,164,1,3,"3 Month Delay",158,40,100,0.25,1,1,0.25,0.5,0.4,0.3,0.3,1,"Simple","LSCO =  0.4","CRLCO =  0.3","MESCD =  0.3",5159.59351579086,"min","LSCO =  0.4   CRLCO =  0.3   MESCD =  0.3"
"238",2,5.15933857858252,2.63484453246411,226,1,6,"6 Month Delay",158,40,100,0.25,1,1,0.25,0.5,0.4,0.3,0.3,1,"Simple","LSCO =  0.4","CRLCO =  0.3","MESCD =  0.3",5159.33857858252,"min","LSCO =  0.4   CRLCO =  0.3   MESCD =  0.3"
"239",2,5.15908497512367,2.63478978379281,288,1,9,"9 Month Delay",158,40,100,0.25,1,1,0.25,0.5,0.4,0.3,0.3,1,"Simple","LSCO =  0.4","CRLCO =  0.3","MESCD =  0.3",5159.08497512367,"min","LSCO =  0.4   CRLCO =  0.3   MESCD =  0.3"
"240",2,5.15883269843658,2.6347353324794,350,1,12,"12 Month Delay",158,40,100,0.25,1,1,0.25,0.5,0.4,0.3,0.3,1,"Simple","LSCO =  0.4","CRLCO =  0.3","MESCD =  0.3",5158.83269843658,"min","LSCO =  0.4   CRLCO =  0.3   MESCD =  0.3"
"241",2,5.40282412673128,2.84135490420726,41,0,0,"Uncertainty",162,41,100,0.25,1,1,0.25,0.5,0.4,0.4,0.2,1,"Simple","LSCO =  0.4","CRLCO =  0.4","MESCD =  0.2",5402.82412673128,"min","LSCO =  0.4   CRLCO =  0.4   MESCD =  0.2"
"242",2,5.35912864974976,2.84923950193247,103,1,0,"Flexibility",162,41,100,0.25,1,1,0.25,0.5,0.4,0.4,0.2,1,"Simple","LSCO =  0.4","CRLCO =  0.4","MESCD =  0.2",5359.12864974976,"min","LSCO =  0.4   CRLCO =  0.4   MESCD =  0.2"
"243",2,5.35883408258985,2.84919743454949,165,1,3,"3 Month Delay",162,41,100,0.25,1,1,0.25,0.5,0.4,0.4,0.2,1,"Simple","LSCO =  0.4","CRLCO =  0.4","MESCD =  0.2",5358.83408258985,"min","LSCO =  0.4   CRLCO =  0.4   MESCD =  0.2"
"244",2,5.39834030649997,2.91005509431288,227,1,6,"6 Month Delay",162,41,100,0.25,1,1,0.25,0.5,0.4,0.4,0.2,1,"Simple","LSCO =  0.4","CRLCO =  0.4","MESCD =  0.2",5398.34030649997,"min","LSCO =  0.4   CRLCO =  0.4   MESCD =  0.2"
"245",2,5.39804881343895,2.9100131371011,289,1,9,"9 Month Delay",162,41,100,0.25,1,1,0.25,0.5,0.4,0.4,0.2,1,"Simple","LSCO =  0.4","CRLCO =  0.4","MESCD =  0.2",5398.04881343895,"min","LSCO =  0.4   CRLCO =  0.4   MESCD =  0.2"
"246",2,5.43707394949954,3.02083184391623,351,1,12,"12 Month Delay",162,41,100,0.25,1,1,0.25,0.5,0.4,0.4,0.2,1,"Simple","LSCO =  0.4","CRLCO =  0.4","MESCD =  0.2",5437.07394949954,"min","LSCO =  0.4   CRLCO =  0.4   MESCD =  0.2"
"247",2,5.55356622226846,3.15538912084226,42,0,0,"Uncertainty",166,42,100,0.25,1,1,0.25,0.5,0.4,0.5,0.1,1,"Simple","LSCO =  0.4","CRLCO =  0.5","MESCD =  0.1",5553.56622226846,"min","LSCO =  0.4   CRLCO =  0.5   MESCD =  0.1"
"248",2,5.5172009115197,3.1599095658328,104,1,0,"Flexibility",166,42,100,0.25,1,1,0.25,0.5,0.4,0.5,0.1,1,"Simple","LSCO =  0.4","CRLCO =  0.5","MESCD =  0.1",5517.2009115197,"min","LSCO =  0.4   CRLCO =  0.5   MESCD =  0.1"
"249",2,5.51686799528705,3.15988542901204,166,1,3,"3 Month Delay",166,42,100,0.25,1,1,0.25,0.5,0.4,0.5,0.1,1,"Simple","LSCO =  0.4","CRLCO =  0.5","MESCD =  0.1",5516.86799528706,"min","LSCO =  0.4   CRLCO =  0.5   MESCD =  0.1"
"250",2,5.55633607075445,3.21290429373156,228,1,6,"6 Month Delay",166,42,100,0.25,1,1,0.25,0.5,0.4,0.5,0.1,1,"Simple","LSCO =  0.4","CRLCO =  0.5","MESCD =  0.1",5556.33607075445,"min","LSCO =  0.4   CRLCO =  0.5   MESCD =  0.1"
"251",2,5.5560066288311,3.21288018599941,290,1,9,"9 Month Delay",166,42,100,0.25,1,1,0.25,0.5,0.4,0.5,0.1,1,"Simple","LSCO =  0.4","CRLCO =  0.5","MESCD =  0.1",5556.0066288311,"min","LSCO =  0.4   CRLCO =  0.5   MESCD =  0.1"
"252",2,5.59499401456559,3.3117055640916,352,1,12,"12 Month Delay",166,42,100,0.25,1,1,0.25,0.5,0.4,0.5,0.1,1,"Simple","LSCO =  0.4","CRLCO =  0.5","MESCD =  0.1",5594.99401456559,"min","LSCO =  0.4   CRLCO =  0.5   MESCD =  0.1"
"253",1,5.63101115470935,2.94659245472988,43,0,0,"Uncertainty",169,43,100,0.25,1,1,0.25,0.5,0.4,0.6,0,1,"Standard","LSCO =  0.4","CRLCO =  0.6","MESCD =  0",5631.01115470935,"min","LSCO =  0.4   CRLCO =  0.6   MESCD =  0"
"254",1,5.63101115470935,2.94659245472988,105,1,0,"Flexibility",169,43,100,0.25,1,1,0.25,0.5,0.4,0.6,0,1,"Standard","LSCO =  0.4","CRLCO =  0.6","MESCD =  0",5631.01115470935,"min","LSCO =  0.4   CRLCO =  0.6   MESCD =  0"
"255",1,5.63101115470935,2.94659245472988,167,1,3,"3 Month Delay",169,43,100,0.25,1,1,0.25,0.5,0.4,0.6,0,1,"Standard","LSCO =  0.4","CRLCO =  0.6","MESCD =  0",5631.01115470935,"min","LSCO =  0.4   CRLCO =  0.6   MESCD =  0"
"256",1,5.63101115470935,2.94659245472988,229,1,6,"6 Month Delay",169,43,100,0.25,1,1,0.25,0.5,0.4,0.6,0,1,"Standard","LSCO =  0.4","CRLCO =  0.6","MESCD =  0",5631.01115470935,"min","LSCO =  0.4   CRLCO =  0.6   MESCD =  0"
"257",1,5.63101115470935,2.94659245472988,291,1,9,"9 Month Delay",169,43,100,0.25,1,1,0.25,0.5,0.4,0.6,0,1,"Standard","LSCO =  0.4","CRLCO =  0.6","MESCD =  0",5631.01115470935,"min","LSCO =  0.4   CRLCO =  0.6   MESCD =  0"
"258",1,5.63101115470935,2.94659245472988,353,1,12,"12 Month Delay",169,43,100,0.25,1,1,0.25,0.5,0.4,0.6,0,1,"Standard","LSCO =  0.4","CRLCO =  0.6","MESCD =  0",5631.01115470935,"min","LSCO =  0.4   CRLCO =  0.6   MESCD =  0"
"259",1,5.23808997501395,2.77208286324866,44,0,0,"Uncertainty",173,44,100,0.25,1,1,0.25,0.5,0.5,0,0.5,1,"Standard","LSCO =  0.5","CRLCO =  0","MESCD =  0.5",5238.08997501395,"min","LSCO =  0.5   CRLCO =  0   MESCD =  0.5"
"260",2,5.17498534378842,3.07686301514816,106,1,0,"Flexibility",174,44,100,0.25,1,1,0.25,0.5,0.5,0,0.5,1,"Simple","LSCO =  0.5","CRLCO =  0","MESCD =  0.5",5174.98534378841,"min","LSCO =  0.5   CRLCO =  0   MESCD =  0.5"
"261",2,5.17479740049937,3.07678917040407,168,1,3,"3 Month Delay",174,44,100,0.25,1,1,0.25,0.5,0.5,0,0.5,1,"Simple","LSCO =  0.5","CRLCO =  0","MESCD =  0.5",5174.79740049937,"min","LSCO =  0.5   CRLCO =  0   MESCD =  0.5"
"262",2,5.17461044046918,3.07671572220885,230,1,6,"6 Month Delay",174,44,100,0.25,1,1,0.25,0.5,0.5,0,0.5,1,"Simple","LSCO =  0.5","CRLCO =  0","MESCD =  0.5",5174.61044046918,"min","LSCO =  0.5   CRLCO =  0   MESCD =  0.5"
"263",2,5.21401549166448,3.08809233045067,292,1,9,"9 Month Delay",174,44,100,0.25,1,1,0.25,0.5,0.5,0,0.5,1,"Simple","LSCO =  0.5","CRLCO =  0","MESCD =  0.5",5214.01549166448,"min","LSCO =  0.5   CRLCO =  0   MESCD =  0.5"
"264",2,5.21383048274664,3.08801744451208,354,1,12,"12 Month Delay",174,44,100,0.25,1,1,0.25,0.5,0.5,0,0.5,1,"Simple","LSCO =  0.5","CRLCO =  0","MESCD =  0.5",5213.83048274664,"min","LSCO =  0.5   CRLCO =  0   MESCD =  0.5"
"265",2,5.41962986518473,3.35215617619666,45,0,0,"Uncertainty",178,45,100,0.25,1,1,0.25,0.5,0.5,0.1,0.4,1,"Simple","LSCO =  0.5","CRLCO =  0.1","MESCD =  0.4",5419.62986518473,"min","LSCO =  0.5   CRLCO =  0.1   MESCD =  0.4"
"266",2,5.36205239456779,3.36438158959619,107,1,0,"Flexibility",178,45,100,0.25,1,1,0.25,0.5,0.5,0.1,0.4,1,"Simple","LSCO =  0.5","CRLCO =  0.1","MESCD =  0.4",5362.05239456779,"min","LSCO =  0.5   CRLCO =  0.1   MESCD =  0.4"
"267",2,5.36183045353487,3.36431672693673,169,1,3,"3 Month Delay",178,45,100,0.25,1,1,0.25,0.5,0.5,0.1,0.4,1,"Simple","LSCO =  0.5","CRLCO =  0.1","MESCD =  0.4",5361.83045353487,"min","LSCO =  0.5   CRLCO =  0.1   MESCD =  0.4"
"268",2,5.36160967362608,3.36425221300979,231,1,6,"6 Month Delay",178,45,100,0.25,1,1,0.25,0.5,0.5,0.1,0.4,1,"Simple","LSCO =  0.5","CRLCO =  0.1","MESCD =  0.4",5361.60967362608,"min","LSCO =  0.5   CRLCO =  0.1   MESCD =  0.4"
"269",2,5.40098108187751,3.37244591954607,293,1,9,"9 Month Delay",178,45,100,0.25,1,1,0.25,0.5,0.5,0.1,0.4,1,"Simple","LSCO =  0.5","CRLCO =  0.1","MESCD =  0.4",5400.98108187751,"min","LSCO =  0.5   CRLCO =  0.1   MESCD =  0.4"
"270",2,5.40076260602485,3.37238036702151,355,1,12,"12 Month Delay",178,45,100,0.25,1,1,0.25,0.5,0.5,0.1,0.4,1,"Simple","LSCO =  0.5","CRLCO =  0.1","MESCD =  0.4",5400.76260602485,"min","LSCO =  0.5   CRLCO =  0.1   MESCD =  0.4"
"271",2,5.49594445506786,3.36541624854984,46,0,0,"Uncertainty",182,46,100,0.25,1,1,0.25,0.5,0.5,0.2,0.3,1,"Simple","LSCO =  0.5","CRLCO =  0.2","MESCD =  0.3",5495.94445506786,"min","LSCO =  0.5   CRLCO =  0.2   MESCD =  0.3"
"272",3,5.43194636860988,2.22260457758209,108,1,0,"Flexibility",183,46,100,0.25,1,1,0.25,0.5,0.5,0.2,0.3,1,"Advanced","LSCO =  0.5","CRLCO =  0.2","MESCD =  0.3",5431.94636860988,"min","LSCO =  0.5   CRLCO =  0.2   MESCD =  0.3"
"273",3,5.43107986727427,2.22238361374789,170,1,3,"3 Month Delay",183,46,100,0.25,1,1,0.25,0.5,0.5,0.2,0.3,1,"Advanced","LSCO =  0.5","CRLCO =  0.2","MESCD =  0.3",5431.07986727427,"min","LSCO =  0.5   CRLCO =  0.2   MESCD =  0.3"
"274",2,5.44445370601106,3.3754672595632,232,1,6,"6 Month Delay",182,46,100,0.25,1,1,0.25,0.5,0.5,0.2,0.3,1,"Simple","LSCO =  0.5","CRLCO =  0.2","MESCD =  0.3",5444.45370601106,"min","LSCO =  0.5   CRLCO =  0.2   MESCD =  0.3"
"275",2,5.48379095431884,3.382665464583,294,1,9,"9 Month Delay",182,46,100,0.25,1,1,0.25,0.5,0.5,0.2,0.3,1,"Simple","LSCO =  0.5","CRLCO =  0.2","MESCD =  0.3",5483.79095431884,"min","LSCO =  0.5   CRLCO =  0.2   MESCD =  0.3"
"276",2,5.48353849723637,3.38261097837137,356,1,12,"12 Month Delay",182,46,100,0.25,1,1,0.25,0.5,0.5,0.2,0.3,1,"Simple","LSCO =  0.5","CRLCO =  0.2","MESCD =  0.3",5483.53849723637,"min","LSCO =  0.5   CRLCO =  0.2   MESCD =  0.3"
"277",1,5.67713957393064,3.00730534805589,47,0,0,"Uncertainty",185,47,100,0.25,1,1,0.25,0.5,0.5,0.3,0.2,1,"Standard","LSCO =  0.5","CRLCO =  0.3","MESCD =  0.2",5677.13957393064,"min","LSCO =  0.5   CRLCO =  0.3   MESCD =  0.2"
"278",2,5.6442441427327,3.52915027819301,109,1,0,"Flexibility",186,47,100,0.25,1,1,0.25,0.5,0.5,0.3,0.2,1,"Simple","LSCO =  0.5","CRLCO =  0.3","MESCD =  0.2",5644.2441427327,"min","LSCO =  0.5   CRLCO =  0.3   MESCD =  0.2"
"279",2,5.64394939231623,3.52910913455991,171,1,3,"3 Month Delay",186,47,100,0.25,1,1,0.25,0.5,0.5,0.3,0.2,1,"Simple","LSCO =  0.5","CRLCO =  0.3","MESCD =  0.2",5643.94939231623,"min","LSCO =  0.5   CRLCO =  0.3   MESCD =  0.2"
"280",1,5.67713957393064,3.00730534805589,233,1,6,"6 Month Delay",185,47,100,0.25,1,1,0.25,0.5,0.5,0.3,0.2,1,"Standard","LSCO =  0.5","CRLCO =  0.3","MESCD =  0.2",5677.13957393064,"min","LSCO =  0.5   CRLCO =  0.3   MESCD =  0.2"
"281",1,5.67713957393064,3.00730534805589,295,1,9,"9 Month Delay",185,47,100,0.25,1,1,0.25,0.5,0.5,0.3,0.2,1,"Standard","LSCO =  0.5","CRLCO =  0.3","MESCD =  0.2",5677.13957393064,"min","LSCO =  0.5   CRLCO =  0.3   MESCD =  0.2"
"282",1,5.67713957393064,3.00730534805589,357,1,12,"12 Month Delay",185,47,100,0.25,1,1,0.25,0.5,0.5,0.3,0.2,1,"Standard","LSCO =  0.5","CRLCO =  0.3","MESCD =  0.2",5677.13957393064,"min","LSCO =  0.5   CRLCO =  0.3   MESCD =  0.2"
"283",1,5.79328791951313,3.01512291870757,48,0,0,"Uncertainty",189,48,100,0.25,1,1,0.25,0.5,0.5,0.4,0.1,1,"Standard","LSCO =  0.5","CRLCO =  0.4","MESCD =  0.1",5793.28791951313,"min","LSCO =  0.5   CRLCO =  0.4   MESCD =  0.1"
"284",1,5.79328791951313,3.01512291870757,110,1,0,"Flexibility",189,48,100,0.25,1,1,0.25,0.5,0.5,0.4,0.1,1,"Standard","LSCO =  0.5","CRLCO =  0.4","MESCD =  0.1",5793.28791951313,"min","LSCO =  0.5   CRLCO =  0.4   MESCD =  0.1"
"285",1,5.79328791951313,3.01512291870757,172,1,3,"3 Month Delay",189,48,100,0.25,1,1,0.25,0.5,0.5,0.4,0.1,1,"Standard","LSCO =  0.5","CRLCO =  0.4","MESCD =  0.1",5793.28791951313,"min","LSCO =  0.5   CRLCO =  0.4   MESCD =  0.1"
"286",1,5.79328791951313,3.01512291870757,234,1,6,"6 Month Delay",189,48,100,0.25,1,1,0.25,0.5,0.5,0.4,0.1,1,"Standard","LSCO =  0.5","CRLCO =  0.4","MESCD =  0.1",5793.28791951313,"min","LSCO =  0.5   CRLCO =  0.4   MESCD =  0.1"
"287",1,5.79328791951313,3.01512291870757,296,1,9,"9 Month Delay",189,48,100,0.25,1,1,0.25,0.5,0.5,0.4,0.1,1,"Standard","LSCO =  0.5","CRLCO =  0.4","MESCD =  0.1",5793.28791951313,"min","LSCO =  0.5   CRLCO =  0.4   MESCD =  0.1"
"288",1,5.79328791951313,3.01512291870757,358,1,12,"12 Month Delay",189,48,100,0.25,1,1,0.25,0.5,0.5,0.4,0.1,1,"Standard","LSCO =  0.5","CRLCO =  0.4","MESCD =  0.1",5793.28791951313,"min","LSCO =  0.5   CRLCO =  0.4   MESCD =  0.1"
"289",1,5.79328791951313,3.01512291870757,49,0,0,"Uncertainty",193,49,100,0.25,1,1,0.25,0.5,0.5,0.5,0,1,"Standard","LSCO =  0.5","CRLCO =  0.5","MESCD =  0",5793.28791951313,"min","LSCO =  0.5   CRLCO =  0.5   MESCD =  0"
"290",1,5.79328791951313,3.01512291870757,111,1,0,"Flexibility",193,49,100,0.25,1,1,0.25,0.5,0.5,0.5,0,1,"Standard","LSCO =  0.5","CRLCO =  0.5","MESCD =  0",5793.28791951313,"min","LSCO =  0.5   CRLCO =  0.5   MESCD =  0"
"291",1,5.79328791951313,3.01512291870757,173,1,3,"3 Month Delay",193,49,100,0.25,1,1,0.25,0.5,0.5,0.5,0,1,"Standard","LSCO =  0.5","CRLCO =  0.5","MESCD =  0",5793.28791951313,"min","LSCO =  0.5   CRLCO =  0.5   MESCD =  0"
"292",1,5.79328791951313,3.01512291870757,235,1,6,"6 Month Delay",193,49,100,0.25,1,1,0.25,0.5,0.5,0.5,0,1,"Standard","LSCO =  0.5","CRLCO =  0.5","MESCD =  0",5793.28791951313,"min","LSCO =  0.5   CRLCO =  0.5   MESCD =  0"
"293",1,5.79328791951313,3.01512291870757,297,1,9,"9 Month Delay",193,49,100,0.25,1,1,0.25,0.5,0.5,0.5,0,1,"Standard","LSCO =  0.5","CRLCO =  0.5","MESCD =  0",5793.28791951313,"min","LSCO =  0.5   CRLCO =  0.5   MESCD =  0"
"294",1,5.79328791951313,3.01512291870757,359,1,12,"12 Month Delay",193,49,100,0.25,1,1,0.25,0.5,0.5,0.5,0,1,"Standard","LSCO =  0.5","CRLCO =  0.5","MESCD =  0",5793.28791951313,"min","LSCO =  0.5   CRLCO =  0.5   MESCD =  0"
"295",2,5.46929398048335,3.16520838052831,50,0,0,"Uncertainty",198,50,100,0.25,1,1,0.25,0.5,0.6,0,0.4,1,"Simple","LSCO =  0.6","CRLCO =  0","MESCD =  0.4",5469.29398048335,"min","LSCO =  0.6   CRLCO =  0   MESCD =  0.4"
"296",3,5.39828653682917,2.23852900679194,112,1,0,"Flexibility",199,50,100,0.25,1,1,0.25,0.5,0.6,0,0.4,1,"Advanced","LSCO =  0.6","CRLCO =  0","MESCD =  0.4",5398.28653682917,"min","LSCO =  0.6   CRLCO =  0   MESCD =  0.4"
"297",3,5.39759613291024,2.2382243445402,174,1,3,"3 Month Delay",199,50,100,0.25,1,1,0.25,0.5,0.6,0,0.4,1,"Advanced","LSCO =  0.6","CRLCO =  0","MESCD =  0.4",5397.59613291024,"min","LSCO =  0.6   CRLCO =  0   MESCD =  0.4"
"298",2,5.41137007736206,3.17845822410715,236,1,6,"6 Month Delay",198,50,100,0.25,1,1,0.25,0.5,0.6,0,0.4,1,"Simple","LSCO =  0.6","CRLCO =  0","MESCD =  0.4",5411.37007736206,"min","LSCO =  0.6   CRLCO =  0   MESCD =  0.4"
"299",2,5.45074098186334,3.18650287751542,298,1,9,"9 Month Delay",198,50,100,0.25,1,1,0.25,0.5,0.6,0,0.4,1,"Simple","LSCO =  0.6","CRLCO =  0","MESCD =  0.4",5450.74098186334,"min","LSCO =  0.6   CRLCO =  0   MESCD =  0.4"
"300",2,5.450522004896,3.18643120662379,360,1,12,"12 Month Delay",198,50,100,0.25,1,1,0.25,0.5,0.6,0,0.4,1,"Simple","LSCO =  0.6","CRLCO =  0","MESCD =  0.4",5450.522004896,"min","LSCO =  0.6   CRLCO =  0   MESCD =  0.4"
"301",2,5.54560857036648,3.17804386813127,51,0,0,"Uncertainty",202,51,100,0.25,1,1,0.25,0.5,0.6,0.1,0.3,1,"Simple","LSCO =  0.6","CRLCO =  0.1","MESCD =  0.3",5545.60857036648,"min","LSCO =  0.6   CRLCO =  0.1   MESCD =  0.3"
"302",3,5.4320599765698,2.22255597545023,113,1,0,"Flexibility",203,51,100,0.25,1,1,0.25,0.5,0.6,0.1,0.3,1,"Advanced","LSCO =  0.6","CRLCO =  0.1","MESCD =  0.3",5432.0599765698,"min","LSCO =  0.6   CRLCO =  0.1   MESCD =  0.3"
"303",3,5.43119288087388,2.2223352409281,175,1,3,"3 Month Delay",203,51,100,0.25,1,1,0.25,0.5,0.6,0.1,0.3,1,"Advanced","LSCO =  0.6","CRLCO =  0.1","MESCD =  0.3",5431.19288087388,"min","LSCO =  0.6   CRLCO =  0.1   MESCD =  0.3"
"304",3,5.47408886887206,2.32315834746351,237,1,6,"6 Month Delay",203,51,100,0.25,1,1,0.25,0.5,0.6,0.1,0.3,1,"Advanced","LSCO =  0.6","CRLCO =  0.1","MESCD =  0.3",5474.08886887206,"min","LSCO =  0.6   CRLCO =  0.1   MESCD =  0.3"
"305",2,5.53355085430467,3.19601475072104,299,1,9,"9 Month Delay",202,51,100,0.25,1,1,0.25,0.5,0.6,0.1,0.3,1,"Simple","LSCO =  0.6","CRLCO =  0.1","MESCD =  0.3",5533.55085430467,"min","LSCO =  0.6   CRLCO =  0.1   MESCD =  0.3"
"306",2,5.53329789610752,3.19595534368496,361,1,12,"12 Month Delay",202,51,100,0.25,1,1,0.25,0.5,0.6,0.1,0.3,1,"Simple","LSCO =  0.6","CRLCO =  0.1","MESCD =  0.3",5533.29789610752,"min","LSCO =  0.6   CRLCO =  0.1   MESCD =  0.3"
"307",2,5.73756870675777,3.33991368617493,52,0,0,"Uncertainty",206,52,100,0.25,1,1,0.25,0.5,0.6,0.2,0.2,1,"Simple","LSCO =  0.6","CRLCO =  0.2","MESCD =  0.2",5737.56870675777,"min","LSCO =  0.6   CRLCO =  0.2   MESCD =  0.2"
"308",2,5.69400556193085,3.34827820011793,114,1,0,"Flexibility",206,52,100,0.25,1,1,0.25,0.5,0.6,0.2,0.2,1,"Simple","LSCO =  0.6","CRLCO =  0.2","MESCD =  0.2",5694.00556193085,"min","LSCO =  0.6   CRLCO =  0.2   MESCD =  0.2"
"309",2,5.69371030245166,3.34823374716531,176,1,3,"3 Month Delay",206,52,100,0.25,1,1,0.25,0.5,0.6,0.2,0.2,1,"Simple","LSCO =  0.6","CRLCO =  0.2","MESCD =  0.2",5693.71030245166,"min","LSCO =  0.6   CRLCO =  0.2   MESCD =  0.2"
"310",2,5.73321583766449,3.39620101881991,238,1,6,"6 Month Delay",206,52,100,0.25,1,1,0.25,0.5,0.6,0.2,0.2,1,"Simple","LSCO =  0.6","CRLCO =  0.2","MESCD =  0.2",5733.21583766449,"min","LSCO =  0.6   CRLCO =  0.2   MESCD =  0.2"
"311",2,5.77251469261995,3.39996973205966,300,1,9,"9 Month Delay",206,52,100,0.25,1,1,0.25,0.5,0.6,0.2,0.2,1,"Simple","LSCO =  0.6","CRLCO =  0.2","MESCD =  0.2",5772.51469261995,"min","LSCO =  0.6   CRLCO =  0.2   MESCD =  0.2"
"312",2,5.81153914717048,3.49102235792749,362,1,12,"12 Month Delay",206,52,100,0.25,1,1,0.25,0.5,0.6,0.2,0.2,1,"Simple","LSCO =  0.6","CRLCO =  0.2","MESCD =  0.2",5811.53914717048,"min","LSCO =  0.6   CRLCO =  0.2   MESCD =  0.2"
"313",1,5.96710673195497,3.30403176767052,53,0,0,"Uncertainty",209,53,100,0.25,1,1,0.25,0.5,0.6,0.4,0,1,"Standard","LSCO =  0.6","CRLCO =  0.4","MESCD =  0",5967.10673195497,"min","LSCO =  0.6   CRLCO =  0.4   MESCD =  0"
"314",1,5.96710673195497,3.30403176767052,115,1,0,"Flexibility",209,53,100,0.25,1,1,0.25,0.5,0.6,0.4,0,1,"Standard","LSCO =  0.6","CRLCO =  0.4","MESCD =  0",5967.10673195497,"min","LSCO =  0.6   CRLCO =  0.4   MESCD =  0"
"315",1,5.96710673195497,3.30403176767052,177,1,3,"3 Month Delay",209,53,100,0.25,1,1,0.25,0.5,0.6,0.4,0,1,"Standard","LSCO =  0.6","CRLCO =  0.4","MESCD =  0",5967.10673195497,"min","LSCO =  0.6   CRLCO =  0.4   MESCD =  0"
"316",1,5.96710673195497,3.30403176767052,239,1,6,"6 Month Delay",209,53,100,0.25,1,1,0.25,0.5,0.6,0.4,0,1,"Standard","LSCO =  0.6","CRLCO =  0.4","MESCD =  0",5967.10673195497,"min","LSCO =  0.6   CRLCO =  0.4   MESCD =  0"
"317",1,5.96710673195497,3.30403176767052,301,1,9,"9 Month Delay",209,53,100,0.25,1,1,0.25,0.5,0.6,0.4,0,1,"Standard","LSCO =  0.6","CRLCO =  0.4","MESCD =  0",5967.10673195497,"min","LSCO =  0.6   CRLCO =  0.4   MESCD =  0"
"318",1,5.96710673195497,3.30403176767052,363,1,12,"12 Month Delay",209,53,100,0.25,1,1,0.25,0.5,0.6,0.4,0,1,"Standard","LSCO =  0.6","CRLCO =  0.4","MESCD =  0",5967.10673195497,"min","LSCO =  0.6   CRLCO =  0.4   MESCD =  0"
"319",2,5.61574870334754,3.23117618589464,54,0,0,"Uncertainty",214,54,100,0.25,1,1,0.25,0.5,0.7,0,0.3,1,"Simple","LSCO =  0.7","CRLCO =  0","MESCD =  0.3",5615.74870334754,"min","LSCO =  0.7   CRLCO =  0   MESCD =  0.3"
"320",2,5.56486683892532,3.24261774610411,116,1,0,"Flexibility",214,54,100,0.25,1,1,0.25,0.5,0.7,0,0.3,1,"Simple","LSCO =  0.7","CRLCO =  0","MESCD =  0.3",5564.86683892532,"min","LSCO =  0.7   CRLCO =  0   MESCD =  0.3"
"321",2,5.56460986863374,3.24255702935769,178,1,3,"3 Month Delay",214,54,100,0.25,1,1,0.25,0.5,0.7,0,0.3,1,"Simple","LSCO =  0.7","CRLCO =  0","MESCD =  0.3",5564.60986863374,"min","LSCO =  0.7   CRLCO =  0   MESCD =  0.3"
"322",2,5.56435424272811,3.24249663918624,240,1,6,"6 Month Delay",214,54,100,0.25,1,1,0.25,0.5,0.7,0,0.3,1,"Simple","LSCO =  0.7","CRLCO =  0","MESCD =  0.3",5564.35424272811,"min","LSCO =  0.7   CRLCO =  0   MESCD =  0.3"
"323",2,5.60369098728574,3.24850920990157,302,1,9,"9 Month Delay",214,54,100,0.25,1,1,0.25,0.5,0.7,0,0.3,1,"Simple","LSCO =  0.7","CRLCO =  0","MESCD =  0.3",5603.69098728574,"min","LSCO =  0.7   CRLCO =  0   MESCD =  0.3"
"324",2,5.60343802908859,3.24844804511008,364,1,12,"12 Month Delay",214,54,100,0.25,1,1,0.25,0.5,0.7,0,0.3,1,"Simple","LSCO =  0.7","CRLCO =  0","MESCD =  0.3",5603.43802908859,"min","LSCO =  0.7   CRLCO =  0   MESCD =  0.3"
"325",2,5.80770883973883,3.38649670403286,55,0,0,"Uncertainty",218,55,100,0.25,1,1,0.25,0.5,0.7,0.1,0.2,1,"Simple","LSCO =  0.7","CRLCO =  0.1","MESCD =  0.2",5807.70883973883,"min","LSCO =  0.7   CRLCO =  0.1   MESCD =  0.2"
"326",2,5.76414569491192,3.39509866014451,117,1,0,"Flexibility",218,55,100,0.25,1,1,0.25,0.5,0.7,0.1,0.2,1,"Simple","LSCO =  0.7","CRLCO =  0.1","MESCD =  0.2",5764.14569491192,"min","LSCO =  0.7   CRLCO =  0.1   MESCD =  0.2"
"327",2,5.76385043543273,3.39505297760846,179,1,3,"3 Month Delay",218,55,100,0.25,1,1,0.25,0.5,0.7,0.1,0.2,1,"Simple","LSCO =  0.7","CRLCO =  0.1","MESCD =  0.2",5763.85043543273,"min","LSCO =  0.7   CRLCO =  0.1   MESCD =  0.2"
"328",2,5.80335597064556,3.44154688554015,241,1,6,"6 Month Delay",218,55,100,0.25,1,1,0.25,0.5,0.7,0.1,0.2,1,"Simple","LSCO =  0.7","CRLCO =  0.1","MESCD =  0.2",5803.35597064556,"min","LSCO =  0.7   CRLCO =  0.1   MESCD =  0.2"
"329",2,5.84265482560102,3.44444995071157,303,1,9,"9 Month Delay",218,55,100,0.25,1,1,0.25,0.5,0.7,0.1,0.2,1,"Simple","LSCO =  0.7","CRLCO =  0.1","MESCD =  0.2",5842.65482560102,"min","LSCO =  0.7   CRLCO =  0.1   MESCD =  0.2"
"330",2,5.88167928015155,3.53356692728908,365,1,12,"12 Month Delay",218,55,100,0.25,1,1,0.25,0.5,0.7,0.1,0.2,1,"Simple","LSCO =  0.7","CRLCO =  0.1","MESCD =  0.2",5881.67928015155,"min","LSCO =  0.7   CRLCO =  0.1   MESCD =  0.2"
"331",1,6.10988565599621,3.29351395293325,56,0,0,"Uncertainty",221,56,100,0.25,1,1,0.25,0.5,0.7,0.3,0,1,"Standard","LSCO =  0.7","CRLCO =  0.3","MESCD =  0",6109.88565599621,"min","LSCO =  0.7   CRLCO =  0.3   MESCD =  0"
"332",1,6.10988565599621,3.29351395293325,118,1,0,"Flexibility",221,56,100,0.25,1,1,0.25,0.5,0.7,0.3,0,1,"Standard","LSCO =  0.7","CRLCO =  0.3","MESCD =  0",6109.88565599621,"min","LSCO =  0.7   CRLCO =  0.3   MESCD =  0"
"333",1,6.10988565599621,3.29351395293325,180,1,3,"3 Month Delay",221,56,100,0.25,1,1,0.25,0.5,0.7,0.3,0,1,"Standard","LSCO =  0.7","CRLCO =  0.3","MESCD =  0",6109.88565599621,"min","LSCO =  0.7   CRLCO =  0.3   MESCD =  0"
"334",1,6.10988565599621,3.29351395293325,242,1,6,"6 Month Delay",221,56,100,0.25,1,1,0.25,0.5,0.7,0.3,0,1,"Standard","LSCO =  0.7","CRLCO =  0.3","MESCD =  0",6109.88565599621,"min","LSCO =  0.7   CRLCO =  0.3   MESCD =  0"
"335",1,6.10988565599621,3.29351395293325,304,1,9,"9 Month Delay",221,56,100,0.25,1,1,0.25,0.5,0.7,0.3,0,1,"Standard","LSCO =  0.7","CRLCO =  0.3","MESCD =  0",6109.88565599621,"min","LSCO =  0.7   CRLCO =  0.3   MESCD =  0"
"336",1,6.10988565599621,3.29351395293325,366,1,12,"12 Month Delay",221,56,100,0.25,1,1,0.25,0.5,0.7,0.3,0,1,"Standard","LSCO =  0.7","CRLCO =  0.3","MESCD =  0",6109.88565599621,"min","LSCO =  0.7   CRLCO =  0.3   MESCD =  0"
"337",2,6.20702966819887,3.86238917324217,57,0,0,"Uncertainty",226,57,100,0.25,1,1,0.25,0.5,0.8,0,0.2,1,"Simple","LSCO =  0.8","CRLCO =  0","MESCD =  0.2",6207.02966819887,"min","LSCO =  0.8   CRLCO =  0   MESCD =  0.2"
"338",3,6.06901702216637,2.70673089342421,119,1,0,"Flexibility",227,57,100,0.25,1,1,0.25,0.5,0.8,0,0.2,1,"Advanced","LSCO =  0.8","CRLCO =  0","MESCD =  0.2",6069.01702216637,"min","LSCO =  0.8   CRLCO =  0   MESCD =  0.2"
"339",3,6.06795584577245,2.70658339070244,181,1,3,"3 Month Delay",227,57,100,0.25,1,1,0.25,0.5,0.8,0,0.2,1,"Advanced","LSCO =  0.8","CRLCO =  0","MESCD =  0.2",6067.95584577245,"min","LSCO =  0.8   CRLCO =  0   MESCD =  0.2"
"340",3,6.15434087208729,2.78850298202716,243,1,6,"6 Month Delay",227,57,100,0.25,1,1,0.25,0.5,0.8,0,0.2,1,"Advanced","LSCO =  0.8","CRLCO =  0","MESCD =  0.2",6154.34087208729,"min","LSCO =  0.8   CRLCO =  0   MESCD =  0.2"
"341",2,6.20218893275729,3.87044676537239,305,1,9,"9 Month Delay",226,57,100,0.25,1,1,0.25,0.5,0.8,0,0.2,1,"Simple","LSCO =  0.8","CRLCO =  0","MESCD =  0.2",6202.18893275729,"min","LSCO =  0.8   CRLCO =  0   MESCD =  0.2"
"342",2,6.20189821763813,3.87039741825881,367,1,12,"12 Month Delay",226,57,100,0.25,1,1,0.25,0.5,0.8,0,0.2,1,"Simple","LSCO =  0.8","CRLCO =  0","MESCD =  0.2",6201.89821763813,"min","LSCO =  0.8   CRLCO =  0   MESCD =  0.2"
"343",2,6.35777176373606,4.06894687083983,58,0,0,"Uncertainty",230,58,100,0.25,1,1,0.25,0.5,0.8,0.1,0.1,1,"Simple","LSCO =  0.8","CRLCO =  0.1","MESCD =  0.1",6357.77176373606,"min","LSCO =  0.8   CRLCO =  0.1   MESCD =  0.1"
"344",3,6.20067908263064,2.76398761873867,120,1,0,"Flexibility",231,58,100,0.25,1,1,0.25,0.5,0.8,0.1,0.1,1,"Advanced","LSCO =  0.8","CRLCO =  0.1","MESCD =  0.1",6200.67908263064,"min","LSCO =  0.8   CRLCO =  0.1   MESCD =  0.1"
"345",3,6.19953033150512,2.76389527714934,182,1,3,"3 Month Delay",231,58,100,0.25,1,1,0.25,0.5,0.8,0.1,0.1,1,"Advanced","LSCO =  0.8","CRLCO =  0.1","MESCD =  0.1",6199.53033150512,"min","LSCO =  0.8   CRLCO =  0.1   MESCD =  0.1"
"346",3,6.28582824125121,2.84012882308513,244,1,6,"6 Month Delay",231,58,100,0.25,1,1,0.25,0.5,0.8,0.1,0.1,1,"Advanced","LSCO =  0.8","CRLCO =  0.1","MESCD =  0.1",6285.82824125122,"min","LSCO =  0.8   CRLCO =  0.1   MESCD =  0.1"
"347",2,6.36014674814944,4.07163042245422,306,1,9,"9 Month Delay",230,58,100,0.25,1,1,0.25,0.5,0.8,0.1,0.1,1,"Simple","LSCO =  0.8","CRLCO =  0.1","MESCD =  0.1",6360.14674814944,"min","LSCO =  0.8   CRLCO =  0.1   MESCD =  0.1"
"348",2,6.35981828270419,4.07160197842553,368,1,12,"12 Month Delay",230,58,100,0.25,1,1,0.25,0.5,0.8,0.1,0.1,1,"Simple","LSCO =  0.8","CRLCO =  0.1","MESCD =  0.1",6359.81828270419,"min","LSCO =  0.8   CRLCO =  0.1   MESCD =  0.1"
"349",1,6.49361387199141,3.55727778456705,59,0,0,"Uncertainty",233,59,100,0.25,1,1,0.25,0.5,0.8,0.2,0,1,"Standard","LSCO =  0.8","CRLCO =  0.2","MESCD =  0",6493.61387199141,"min","LSCO =  0.8   CRLCO =  0.2   MESCD =  0"
"350",3,6.34274369032975,2.8126784243193,121,1,0,"Flexibility",235,59,100,0.25,1,1,0.25,0.5,0.8,0.2,0,1,"Advanced","LSCO =  0.8","CRLCO =  0.2","MESCD =  0",6342.74369032975,"min","LSCO =  0.8   CRLCO =  0.2   MESCD =  0"
"351",3,6.34148135669356,2.81266651918477,183,1,3,"3 Month Delay",235,59,100,0.25,1,1,0.25,0.5,0.8,0.2,0,1,"Advanced","LSCO =  0.8","CRLCO =  0.2","MESCD =  0",6341.48135669356,"min","LSCO =  0.8   CRLCO =  0.2   MESCD =  0"
"352",3,6.42766627815614,2.8833475517337,245,1,6,"6 Month Delay",235,59,100,0.25,1,1,0.25,0.5,0.8,0.2,0,1,"Advanced","LSCO =  0.8","CRLCO =  0.2","MESCD =  0",6427.66627815614,"min","LSCO =  0.8   CRLCO =  0.2   MESCD =  0"
"353",1,6.49361387199141,3.55727778456705,307,1,9,"9 Month Delay",233,59,100,0.25,1,1,0.25,0.5,0.8,0.2,0,1,"Standard","LSCO =  0.8","CRLCO =  0.2","MESCD =  0",6493.61387199141,"min","LSCO =  0.8   CRLCO =  0.2   MESCD =  0"
"354",1,6.49361387199141,3.55727778456705,369,1,12,"12 Month Delay",233,59,100,0.25,1,1,0.25,0.5,0.8,0.2,0,1,"Standard","LSCO =  0.8","CRLCO =  0.2","MESCD =  0",6493.61387199141,"min","LSCO =  0.8   CRLCO =  0.2   MESCD =  0"
"355",4,6.38163448903354,2.65266683993173,60,0,0,"Uncertainty",240,60,100,0.25,1,1,0.25,0.5,0.9,0,0.1,1,"Robust","LSCO =  0.9","CRLCO =  0","MESCD =  0.1",6381.63448903354,"min","LSCO =  0.9   CRLCO =  0   MESCD =  0.1"
"356",3,6.2854169419183,2.78077884862913,122,1,0,"Flexibility",239,60,100,0.25,1,1,0.25,0.5,0.9,0,0.1,1,"Advanced","LSCO =  0.9","CRLCO =  0","MESCD =  0.1",6285.4169419183,"min","LSCO =  0.9   CRLCO =  0   MESCD =  0.1"
"357",3,6.28426626872007,2.78068434557796,184,1,3,"3 Month Delay",239,60,100,0.25,1,1,0.25,0.5,0.9,0,0.1,1,"Advanced","LSCO =  0.9","CRLCO =  0","MESCD =  0.1",6284.26626872007,"min","LSCO =  0.9   CRLCO =  0   MESCD =  0.1"
"358",3,6.37056226644912,2.85384599069837,246,1,6,"6 Month Delay",239,60,100,0.25,1,1,0.25,0.5,0.9,0,0.1,1,"Advanced","LSCO =  0.9","CRLCO =  0","MESCD =  0.1",6370.56226644912,"min","LSCO =  0.9   CRLCO =  0   MESCD =  0.1"
"359",4,6.38163448903354,2.65266683993173,308,1,9,"9 Month Delay",240,60,100,0.25,1,1,0.25,0.5,0.9,0,0.1,1,"Robust","LSCO =  0.9","CRLCO =  0","MESCD =  0.1",6381.63448903354,"min","LSCO =  0.9   CRLCO =  0   MESCD =  0.1"
"360",4,6.38163448903354,2.65266683993173,370,1,12,"12 Month Delay",240,60,100,0.25,1,1,0.25,0.5,0.9,0,0.1,1,"Robust","LSCO =  0.9","CRLCO =  0","MESCD =  0.1",6381.63448903354,"min","LSCO =  0.9   CRLCO =  0   MESCD =  0.1"
"361",4,6.5227394320022,2.70086674751841,61,0,0,"Uncertainty",244,61,100,0.25,1,1,0.25,0.5,0.9,0.1,0,1,"Robust","LSCO =  0.9","CRLCO =  0.1","MESCD =  0",6522.7394320022,"min","LSCO =  0.9   CRLCO =  0.1   MESCD =  0"
"362",3,6.42748154961742,2.8248794078005,123,1,0,"Flexibility",243,61,100,0.25,1,1,0.25,0.5,0.9,0.1,0,1,"Advanced","LSCO =  0.9","CRLCO =  0.1","MESCD =  0",6427.48154961742,"min","LSCO =  0.9   CRLCO =  0.1   MESCD =  0"
"363",3,6.42621729390851,2.82486841666783,185,1,3,"3 Month Delay",243,61,100,0.25,1,1,0.25,0.5,0.9,0.1,0,1,"Advanced","LSCO =  0.9","CRLCO =  0.1","MESCD =  0",6426.21729390851,"min","LSCO =  0.9   CRLCO =  0.1   MESCD =  0"
"364",3,6.51240030335404,2.89266633009608,247,1,6,"6 Month Delay",243,61,100,0.25,1,1,0.25,0.5,0.9,0.1,0,1,"Advanced","LSCO =  0.9","CRLCO =  0.1","MESCD =  0",6512.40030335404,"min","LSCO =  0.9   CRLCO =  0.1   MESCD =  0"
"365",4,6.5227394320022,2.70086674751841,309,1,9,"9 Month Delay",244,61,100,0.25,1,1,0.25,0.5,0.9,0.1,0,1,"Robust","LSCO =  0.9","CRLCO =  0.1","MESCD =  0",6522.7394320022,"min","LSCO =  0.9   CRLCO =  0.1   MESCD =  0"
"366",4,6.5227394320022,2.70086674751841,371,1,12,"12 Month Delay",244,61,100,0.25,1,1,0.25,0.5,0.9,0.1,0,1,"Robust","LSCO =  0.9","CRLCO =  0.1","MESCD =  0",6522.7394320022,"min","LSCO =  0.9   CRLCO =  0.1   MESCD =  0"
"367",4,6.61650827672659,2.81078838898141,62,0,0,"Uncertainty",248,62,100,0.25,1,1,0.25,0.5,1,0,0,1,"Robust","LSCO =  1","CRLCO =  0","MESCD =  0",6616.50827672659,"min","LSCO =  1   CRLCO =  0   MESCD =  0"
"368",3,6.46901582325646,2.88251842094747,124,1,0,"Flexibility",247,62,100,0.25,1,1,0.25,0.5,1,0,0,1,"Advanced","LSCO =  1","CRLCO =  0","MESCD =  0",6469.01582325646,"min","LSCO =  1   CRLCO =  0   MESCD =  0"
"369",3,6.51164913373509,2.8855789778962,186,1,3,"3 Month Delay",247,62,100,0.25,1,1,0.25,0.5,1,0,0,1,"Advanced","LSCO =  1","CRLCO =  0","MESCD =  0",6511.64913373509,"min","LSCO =  1   CRLCO =  0   MESCD =  0"
"370",3,6.59781794777013,2.94943653360133,248,1,6,"6 Month Delay",247,62,100,0.25,1,1,0.25,0.5,1,0,0,1,"Advanced","LSCO =  1","CRLCO =  0","MESCD =  0",6597.81794777013,"min","LSCO =  1   CRLCO =  0   MESCD =  0"
"371",4,6.61650827672659,2.81078838898141,310,1,9,"9 Month Delay",248,62,100,0.25,1,1,0.25,0.5,1,0,0,1,"Robust","LSCO =  1","CRLCO =  0","MESCD =  0",6616.50827672659,"min","LSCO =  1   CRLCO =  0   MESCD =  0"
"372",4,6.61650827672659,2.81078838898141,372,1,12,"12 Month Delay",248,62,100,0.25,1,1,0.25,0.5,1,0,0,1,"Robust","LSCO =  1","CRLCO =  0","MESCD =  0",6616.50827672659,"min","LSCO =  1   CRLCO =  0   MESCD =  0"
